PERSON_ID,DISPLAY_FIRST_LAST,TEAM_NAME,POSITION,HEIGHT,WEIGHT,COUNTRY,BIRTHDATE,AGE,SEASON_EXP,DRAFT_NUMBER,GP,MIN,PTS,REB,AST,STL,BLK,GAME_DATE,SALARY
1630173,Precious Achiuwa,Raptors,Forward,203.2,102.06,Nigeria,1999-09-19,"22 years, 7 months, 0 days",1,20,134,18.4,7.2,5.1,0.8,0.4,0.5,2022-04-18 07:30:00,2711280
203500,Steven Adams,Grizzlies,Center,210.82,120.204,New Zealand,1993-07-20,"28 years, 8 months, 30 days",8,12,664,17811.0,6157.0,5303.0,982.0,588.0,629.0,2022-04-19 08:30:00,17073171
1628389,Bam Adebayo,Heat,Center,205.74,115.668,USA,1997-07-18,"24 years, 9 months, 1 days",4,14,343,9666.0,4617.0,2850.0,1189.0,340.0,309.0,2022-04-19 07:30:00,28103550
1630583,Santi Aldama,Grizzlies,Forward,210.82,97.524,Spain,2001-01-10,"21 years, 3 months, 9 days",0,30,32,360.0,132.0,87.0,21.0,6.0,10.0,2022-04-19 08:30:00,1994520
200746,LaMarcus Aldridge,Nets,Center,210.82,113.4,USA,1985-07-19,"36 years, 9 months, 0 days",15,2,1076,36242.0,20558.0,8736.0,2076.0,758.0,1187.0,2022-04-20 07:00:00,2641691
1629638,Nickeil Alexander-Walker,Jazz,Guard,195.58,92.988,Canada,1998-09-02,"23 years, 7 months, 17 days",2,17,158,3064.0,1467.0,415.0,347.0,110.0,53.0,2022-04-18 08:30:00,3261480
1628960,Grayson Allen,Bucks,Guard,193.04,89.813,USA,1995-10-08,"26 years, 6 months, 11 days",3,21,192,4199.0,1806.0,490.0,285.0,108.0,34.0,2022-04-20 09:30:00,4054695
1628386,Jarrett Allen,Cavaliers,Center,208.28,110.225,USA,1998-04-21,"23 years, 11 months, 29 days",4,22,341,9062.0,3945.0,2964.0,467.0,187.0,465.0,Empty,20000000
1630631,Jose Alvarado,Pelicans,Guard,182.88,81.194,USA,1998-04-12,"24 years, 0 months, 7 days",0,Undrafted,54,834.0,330.0,100.0,152.0,71.0,7.0,2022-04-19 10:00:00,1500000
203937,Kyle Anderson,Grizzlies,Forward,205.74,104.328,USA,1993-09-20,"28 years, 6 months, 30 days",7,30,505,10584.0,3366.0,2220.0,1167.0,510.0,298.0,2022-04-19 08:30:00,9937150
203507,Giannis Antetokounmpo,Bucks,Forward,210.82,109.771,Greece,1994-12-06,"27 years, 4 months, 13 days",8,15,656,21354.0,14321.0,6149.0,3020.0,764.0,856.0,2022-04-20 09:30:00,39344970
203648,Thanasis Antetokounmpo,Bucks,Forward,198.12,99.338,Greece,1992-07-18,"29 years, 9 months, 1 days",3,51,127,1159.0,398.0,250.0,83.0,45.0,24.0,2022-04-20 09:30:00,1729217
2546,Carmelo Anthony,Lakers,Forward,200.66,107.957,USA,1984-05-29,"37 years, 10 months, 21 days",18,3,1260,43514.0,28289.0,7808.0,3422.0,1223.0,644.0,Empty,2641691
1630175,Cole Anthony,Magic,Guard,190.5,83.916,USA,2000-05-15,"21 years, 11 months, 4 days",1,15,112,3332.0,1667.0,569.0,561.0,76.0,35.0,Empty,3449400
1628384,OG Anunoby,Raptors,Forward,200.66,105.235,United Kingdom,1997-07-17,"24 years, 9 months, 2 days",4,23,301,8061.0,3144.0,1246.0,429.0,331.0,138.0,2022-04-18 07:30:00,16071429
1627853,Ryan Arcidiacono,Knicks,Guard,190.5,88.452,USA,1994-03-26,"28 years, 0 months, 24 days",4,Undrafted,217,3722.0,1005.0,429.0,460.0,115.0,7.0,Empty,586136
201571,D.J. Augustin,Lakers,Guard,180.34,83.009,USA,1987-11-10,"34 years, 5 months, 9 days",13,9,976,22852.0,9259.0,1805.0,3761.0,567.0,32.0,Empty,7622467
1630166,Deni Avdija,Wizards,Forward,205.74,95.256,Israel,2001-01-03,"21 years, 3 months, 16 days",1,9,136,3241.0,1027.0,687.0,230.0,91.0,59.0,Empty,4692840
1629028,Deandre Ayton,Suns,Center,210.82,113.4,Bahamas,1998-07-23,"23 years, 8 months, 27 days",3,1,236,7246.0,3843.0,2485.0,380.0,168.0,246.0,2022-04-19 10:00:00,12632950
1628962,Udoka Azubuike,Jazz,Center,213.36,122.472,Nigeria,1999-09-17,"22 years, 7 months, 2 days",1,27,32,252.0,96.0,84.0,0.0,2.0,15.0,2022-04-18 08:30:00,2075880
1628963,Marvin Bagley III,Pistons,Forward,210.82,106.596,USA,1999-03-14,"23 years, 1 months, 5 days",3,2,166,4159.0,2256.0,1224.0,151.0,82.0,110.0,Empty,11312114
1630163,LaMelo Ball,Hornets,Guard,200.66,81.648,USA,2001-08-22,"20 years, 7 months, 28 days",1,3,126,3891.0,2311.0,803.0,884.0,200.0,48.0,Empty,8231760
1628366,Lonzo Ball,Bulls,Guard,198.12,86.184,USA,1997-10-27,"24 years, 5 months, 23 days",4,2,252,8187.0,2995.0,1447.0,1563.0,391.0,162.0,2022-04-20 09:30:00,18604651
1628964,Mo Bamba,Magic,Center,213.36,104.782,USA,1998-05-12,"23 years, 11 months, 7 days",3,6,226,4193.0,1747.0,1372.0,201.0,88.0,326.0,Empty,7568742
1630217,Desmond Bane,Grizzlies,Guard,195.58,97.524,USA,1998-06-25,"23 years, 9 months, 25 days",1,30,144,3785.0,2009.0,544.0,326.0,133.0,45.0,2022-04-19 08:30:00,2033160
1630625,Dalano Banton,Raptors,Forward,200.66,92.534,Canada,1999-11-07,"22 years, 5 months, 12 days",0,46,64,696.0,205.0,124.0,99.0,28.0,10.0,2022-04-18 07:30:00,925258
203084,Harrison Barnes,Kings,Forward,203.2,102.06,USA,1992-05-30,"29 years, 10 months, 20 days",9,7,747,23763.0,10566.0,3817.0,1376.0,522.0,142.0,Empty,20284091
1630567,Scottie Barnes,Raptors,Forward,200.66,102.06,USA,2001-08-01,"20 years, 8 months, 18 days",0,4,74,2617.0,1134.0,557.0,256.0,80.0,55.0,2022-04-18 07:30:00,7280520
1629628,RJ Barrett,Knicks,Forward,198.12,97.07,Canada,2000-06-14,"21 years, 10 months, 5 days",2,3,198,6633.0,3469.0,1101.0,568.0,151.0,53.0,Empty,8623920
203115,Will Barton,Nuggets,Guard,195.58,82.102,USA,1991-01-06,"31 years, 3 months, 13 days",9,40,623,16123.0,7246.0,2655.0,1705.0,476.0,259.0,2022-04-18 10:00:00,15384615
1629646,Charles Bassey,76ers,Center,205.74,104.328,Nigeria,2000-10-28,"21 years, 5 months, 22 days",0,53,23,168.0,69.0,62.0,7.0,5.0,17.0,2022-04-18 07:30:00,925258
1628966,Keita Bates-Diop,Spurs,Forward,203.2,103.874,USA,1996-01-23,"26 years, 2 months, 27 days",3,48,163,2449.0,853.0,490.0,100.0,75.0,57.0,Empty,1729217
201587,Nicolas Batum,Clippers,Guard,203.2,104.328,France,1988-12-14,"33 years, 4 months, 5 days",13,25,915,28029.0,10149.0,4707.0,3215.0,874.0,579.0,Empty,12213507
203145,Kent Bazemore,Lakers,Guard,193.04,88.452,USA,1989-07-01,"32 years, 9 months, 18 days",9,Undrafted,657,13546.0,5414.0,2072.0,1154.0,658.0,309.0,Empty,2401537
1629647,Darius Bazley,Thunder,Forward,203.2,94.349,USA,2000-06-12,"21 years, 10 months, 7 days",2,23,185,4768.0,1841.0,1078.0,237.0,110.0,136.0,Empty,2513040
203078,Bradley Beal,Wizards,Guard,193.04,93.895,USA,1993-06-28,"28 years, 9 months, 22 days",9,3,645,22418.0,14231.0,2641.0,2701.0,727.0,251.0,Empty,34502130
1627736,Malik Beasley,Timberwolves,Guard,193.04,84.823,USA,1996-11-26,"25 years, 4 months, 24 days",5,19,336,7025.0,3488.0,825.0,418.0,190.0,44.0,2022-04-19 08:30:00,14391964
202722,Davis Bertans,Mavericks,Forward,208.28,102.06,Latvia,1992-11-12,"29 years, 5 months, 7 days",5,42,387,7379.0,3165.0,1045.0,392.0,168.0,147.0,2022-04-18 08:30:00,16000000
201976,Patrick Beverley,Timberwolves,Guard,185.42,81.648,USA,1988-07-12,"33 years, 9 months, 7 days",9,42,526,14410.0,4654.0,2243.0,1839.0,602.0,271.0,2022-04-19 08:30:00,14320988
1630180,Saddiq Bey,Pistons,Forward,200.66,97.524,USA,1999-04-09,"23 years, 0 months, 10 days",1,19,152,4613.0,2178.0,759.0,328.0,125.0,30.0,Empty,2824320
203920,Khem Birch,Raptors,Center,205.74,105.689,Canada,1992-09-28,"29 years, 6 months, 22 days",4,Undrafted,262,4664.0,1359.0,1216.0,267.0,131.0,149.0,2022-04-18 07:30:00,6350000
1629048,Goga Bitadze,Pacers,Center,213.36,113.4,Georgia,1999-07-20,"22 years, 8 months, 30 days",2,18,149,1762.0,752.0,433.0,115.0,40.0,139.0,Empty,3098400
202687,Bismack Biyombo,Suns,Center,203.2,115.668,DRC,1992-08-28,"29 years, 7 months, 22 days",10,7,738,14720.0,3814.0,4482.0,442.0,188.0,952.0,2022-04-19 10:00:00,1366392
202357,Nemanja Bjelica,Warriors,Forward,205.74,106.142,Serbia,1988-05-09,"33 years, 11 months, 10 days",6,35,449,9172.0,3412.0,2051.0,825.0,288.0,184.0,2022-04-18 10:00:00,2089448
202339,Eric Bledsoe,Trail Blazers,Guard,185.42,97.07,USA,1989-12-09,"32 years, 4 months, 10 days",11,18,756,21020.0,10348.0,2937.0,3545.0,1028.0,344.0,Empty,18125000
203992,Bogdan Bogdanovic,Hawks,Guard,198.12,102.06,Serbia,1992-08-18,"29 years, 8 months, 1 days",4,27,316,9042.0,4501.0,1083.0,1073.0,325.0,73.0,2022-04-19 07:30:00,18000000
202711,Bojan Bogdanovic,Jazz,Forward,200.66,102.514,Croatia,1989-04-18,"33 years, 0 months, 1 days",7,31,603,17519.0,9043.0,2184.0,945.0,334.0,42.0,2022-04-18 08:30:00,18700000
1629626,Bol Bol,Magic,Center,218.44,99.792,Sudan,1999-11-16,"22 years, 5 months, 3 days",2,44,53,327.0,142.0,63.0,18.0,6.0,18.0,Empty,2161152
1630195,Leandro Bolmaro,Timberwolves,Forward,198.12,90.72,Argentina,2000-09-11,"21 years, 7 months, 8 days",0,23,35,241.0,50.0,43.0,21.0,6.0,0.0,2022-04-19 08:30:00,2353320
1629067,Isaac Bonga,Raptors,Guard,203.2,81.648,Germany,1999-11-08,"22 years, 5 months, 11 days",3,39,143,1870.0,439.0,320.0,118.0,73.0,37.0,2022-04-18 07:30:00,1729217
1626164,Devin Booker,Suns,Guard,195.58,93.442,USA,1996-10-30,"25 years, 5 months, 20 days",6,13,477,16072.0,11217.0,1865.0,2228.0,398.0,128.0,2022-04-19 10:00:00,31610000
1630527,Brandon Boston Jr.,Clippers,Guard,198.12,85.277,USA,2001-11-28,"20 years, 4 months, 22 days",0,51,51,760.0,343.0,111.0,51.0,26.0,13.0,Empty,925258
1628449,Chris Boucher,Raptors,Forward,205.74,90.72,Saint Lucia,1993-01-11,"29 years, 3 months, 8 days",4,Undrafted,231,4126.0,2076.0,1232.0,116.0,112.0,271.0,2022-04-18 07:30:00,7009615
1630547,James Bouknight,Hornets,Guard,193.04,86.184,USA,2000-09-18,"21 years, 7 months, 1 days",0,11,31,304.0,142.0,52.0,26.0,7.0,1.0,Empty,4154400
202340,Avery Bradley,Lakers,Guard,190.5,81.648,USA,1990-11-26,"31 years, 4 months, 24 days",11,19,660,18152.0,7279.0,1863.0,1105.0,655.0,128.0,Empty,2641691
1628396,Tony Bradley,Bulls,Center,208.28,112.493,USA,1998-01-08,"24 years, 3 months, 11 days",4,28,167,1961.0,773.0,718.0,89.0,41.0,98.0,2022-04-20 09:30:00,1789256
1628969,Mikal Bridges,Suns,Forward,198.12,94.802,USA,1996-08-30,"25 years, 7 months, 20 days",3,10,309,9661.0,3483.0,1212.0,639.0,403.0,183.0,2022-04-19 10:00:00,5557725
1628970,Miles Bridges,Hornets,Forward,200.66,102.06,USA,1998-03-21,"24 years, 0 months, 29 days",3,12,291,8461.0,3893.0,1641.0,656.0,213.0,216.0,Empty,5421493
1629052,Oshae Brissett,Pacers,Forward,200.66,95.256,Canada,1998-06-20,"23 years, 9 months, 30 days",2,Undrafted,107,2218.0,879.0,499.0,97.0,67.0,50.0,Empty,1701593
1627763,Malcolm Brogdon,Pacers,Guard,195.58,103.874,USA,1992-12-11,"29 years, 4 months, 8 days",5,36,333,10052.0,5159.0,1398.0,1596.0,285.0,77.0,Empty,21700000
1629717,Armoni Brooks,Raptors,Guard,190.5,88.452,USA,1998-06-05,"23 years, 10 months, 14 days",1,,74,1364.0,511.0,171.0,92.0,40.0,16.0,2022-04-18 07:30:00,1625991
1628415,Dillon Brooks,Grizzlies,Guard,200.66,102.06,Canada,1996-01-22,"26 years, 2 months, 28 days",4,45,272,7674.0,3955.0,829.0,546.0,260.0,82.0,2022-04-19 08:30:00,12200000
1628971,Bruce Brown,Nets,Guard,193.04,91.627,USA,1996-08-15,"25 years, 8 months, 4 days",3,42,269,6309.0,2056.0,1153.0,573.0,238.0,145.0,2022-04-20 07:00:00,4736102
1627759,Jaylen Brown,Celtics,Guard,198.12,101.153,USA,1996-10-24,"25 years, 5 months, 26 days",5,3,403,11559.0,6644.0,1994.0,822.0,381.0,146.0,2022-04-20 07:00:00,24830357
1629650,Moses Brown,Cavaliers,Center,218.44,111.132,USA,1999-10-13,"22 years, 6 months, 6 days",2,Undrafted,92,1297.0,552.0,532.0,12.0,39.0,64.0,Empty,1720779
1628425,Sterling Brown,Mavericks,Guard,195.58,99.338,USA,1995-02-10,"27 years, 2 months, 9 days",4,46,264,4435.0,1431.0,883.0,266.0,137.0,47.0,2022-04-18 08:30:00,3000000
1630535,Greg Brown III,Trail Blazers,Forward,200.66,93.442,USA,2001-09-01,"20 years, 7 months, 18 days",0,43,48,640.0,225.0,135.0,35.0,26.0,24.0,Empty,925258
1628972,Troy Brown Jr.,Bulls,Guard,198.12,97.524,USA,1999-07-28,"22 years, 8 months, 22 days",3,15,221,4090.0,1408.0,836.0,353.0,152.0,23.0,2022-04-20 09:30:00,5170564
1628973,Jalen Brunson,Mavericks,Guard,185.42,86.184,USA,1996-08-31,"25 years, 7 months, 19 days",3,33,277,6835.0,3286.0,843.0,1034.0,160.0,12.0,2022-04-18 08:30:00,1802057
1628418,Thomas Bryant,Wizards,Center,208.28,112.493,USA,1997-07-31,"24 years, 8 months, 19 days",4,42,170,3425.0,1733.0,971.0,219.0,61.0,147.0,Empty,8730159
203493,Reggie Bullock,Mavericks,Guard,198.12,92.988,USA,1991-03-16,"31 years, 1 months, 3 days",8,25,434,9775.0,3382.0,1095.0,524.0,252.0,63.0,2022-04-18 08:30:00,9536000
203504,Trey Burke,Mavericks,Guard,182.88,83.916,USA,1992-11-12,"29 years, 5 months, 7 days",8,9,498,10401.0,4792.0,878.0,1522.0,274.0,52.0,2022-04-18 08:30:00,3333333
202692,Alec Burks,Knicks,Guard,198.12,97.07,USA,1991-07-20,"30 years, 8 months, 30 days",10,12,625,14378.0,6649.0,2210.0,1264.0,438.0,132.0,Empty,9536000
1630215,Jared Butler,Jazz,Guard,190.5,87.545,USA,2000-08-25,"21 years, 7 months, 25 days",0,40,42,360.0,161.0,45.0,63.0,17.0,8.0,2022-04-18 08:30:00,925258
202710,Jimmy Butler,Heat,Forward,200.66,104.328,USA,1989-09-14,"32 years, 7 months, 5 days",10,30,690,22863.0,12222.0,3658.0,2836.0,1127.0,323.0,2022-04-19 07:30:00,36016200
1629719,Devontae Cacok,Spurs,Forward,200.66,108.864,USA,1996-10-08,"25 years, 6 months, 11 days",2,Undrafted,36,228.0,91.0,79.0,8.0,13.0,11.0,Empty,364533
203484,Kentavious Caldwell-Pope,Wizards,Guard,195.58,92.534,USA,1993-02-18,"29 years, 2 months, 1 days",8,8,683,19972.0,7911.0,2148.0,1150.0,748.0,154.0,Empty,13038862
1630267,Facundo Campazzo,Nuggets,Guard,177.8,88.452,Argentina,1991-03-23,"31 years, 0 months, 27 days",1,Undrafted,130,2609.0,728.0,251.0,452.0,142.0,37.0,2022-04-18 10:00:00,3804150
1628427,Vlatko Cancar,Nuggets,Forward,203.2,107.05,Slovenia,1997-04-10,"25 years, 0 months, 9 days",2,49,70,503.0,164.0,91.0,34.0,14.0,6.0,2022-04-18 10:00:00,1782621
1629962,Devin Cannady,Magic,Guard,187.96,83.009,USA,1996-05-21,"25 years, 10 months, 29 days",1,,13,219.0,84.0,11.0,11.0,10.0,4.0,Empty,100000
203991,Clint Capela,Hawks,Center,208.28,116.122,Switzerland,1994-05-18,"27 years, 11 months, 1 days",7,25,471,12614.0,5851.0,5023.0,465.0,328.0,713.0,2022-04-19 07:30:00,17103448
1630176,Vernon Carey Jr.,Wizards,Forward,205.74,122.472,USA,2001-02-25,"21 years, 1 months, 25 days",1,32,26,159.0,66.0,39.0,2.0,3.0,6.0,Empty,1517981
1628975,Jevon Carter,Bucks,Guard,185.42,90.72,USA,1995-09-14,"26 years, 7 months, 5 days",3,32,223,3144.0,984.0,386.0,320.0,126.0,51.0,2022-04-20 09:30:00,4107149
1628976,Wendell Carter Jr.,Magic,Center,208.28,122.472,USA,1999-04-16,"23 years, 0 months, 3 days",3,7,203,5593.0,2476.0,1803.0,404.0,130.0,179.0,Empty,6920027
1627936,Alex Caruso,Bulls,Guard,195.58,84.37,USA,1994-02-28,"28 years, 1 months, 22 days",4,Undrafted,225,4631.0,1386.0,573.0,601.0,252.0,67.0,2022-04-20 09:30:00,8604651
1627737,Marquese Chriss,Mavericks,Forward,205.74,108.864,USA,1997-07-02,"24 years, 9 months, 17 days",5,8,292,5338.0,2206.0,1366.0,298.0,187.0,227.0,2022-04-18 08:30:00,958529
1630528,Josh Christopher,Rockets,Guard,190.5,97.524,USA,2001-12-08,"20 years, 4 months, 11 days",0,24,74,1334.0,587.0,186.0,150.0,65.0,13.0,Empty,2259240
1629109,Gary Clark,Pelicans,Forward,198.12,102.06,USA,1994-11-16,"27 years, 5 months, 3 days",3,Undrafted,170,2239.0,524.0,431.0,84.0,52.0,62.0,2022-04-19 10:00:00,377645
1629634,Brandon Clarke,Grizzlies,Forward,203.2,97.524,Canada,1996-09-19,"25 years, 7 months, 0 days",2,21,181,3961.0,1976.0,1015.0,262.0,131.0,167.0,2022-04-19 08:30:00,2726880
203903,Jordan Clarkson,Jazz,Guard,193.04,87.998,USA,1992-06-07,"29 years, 10 months, 12 days",7,46,600,16190.0,9216.0,1971.0,1526.0,515.0,88.0,2022-04-18 08:30:00,12420000
1629651,Nic Claxton,Nets,Forward,210.82,97.524,USA,1999-04-17,"23 years, 0 months, 2 days",2,31,94,1755.0,688.0,474.0,87.0,48.0,99.0,2022-04-20 07:00:00,1782621
1629599,Amir Coffey,Clippers,Guard,200.66,95.256,USA,1997-06-17,"24 years, 10 months, 2 days",2,Undrafted,131,2121.0,817.0,257.0,160.0,53.0,17.0,Empty,153488
1628381,John Collins,Hawks,Forward,205.74,102.514,USA,1997-09-23,"24 years, 6 months, 27 days",4,19,293,8487.0,4837.0,2441.0,455.0,167.0,304.0,2022-04-19 07:30:00,23000000
1628380,Zach Collins,Spurs,Forward,210.82,113.4,USA,1997-11-19,"24 years, 5 months, 0 days",3,10,182,3193.0,1099.0,767.0,200.0,60.0,125.0,Empty,6984127
201144,Mike Conley,Jazz,Guard,185.42,79.38,USA,1987-10-11,"34 years, 6 months, 8 days",14,4,958,30618.0,14221.0,2872.0,5407.0,1363.0,197.0,2022-04-18 08:30:00,21000000
1626192,Pat Connaughton,Bucks,Guard,195.58,94.802,USA,1993-01-06,"29 years, 3 months, 13 days",6,41,417,7717.0,2469.0,1392.0,521.0,197.0,118.0,2022-04-20 09:30:00,5333333
202326,DeMarcus Cousins,Nuggets,Center,208.28,122.472,USA,1990-08-13,"31 years, 8 months, 6 days",10,5,654,19509.0,12802.0,6664.0,1979.0,874.0,742.0,2022-04-18 10:00:00,1290481
203496,Robert Covington,Clippers,Forward,200.66,94.802,USA,1990-12-14,"31 years, 4 months, 5 days",8,Undrafted,537,16064.0,6222.0,3122.0,803.0,861.0,527.0,Empty,12975471
1628470,Torrey Craig,Suns,Forward,200.66,100.246,USA,1990-12-19,"31 years, 4 months, 0 days",4,Undrafted,300,5603.0,1698.0,1086.0,284.0,146.0,160.0,2022-04-19 10:00:00,4878049
203109,Jae Crowder,Suns,Forward,198.12,106.596,USA,1990-07-06,"31 years, 9 months, 13 days",9,34,735,18561.0,7056.0,3141.0,1182.0,736.0,254.0,2022-04-19 10:00:00,9720900
1629633,Jarrett Culver,Grizzlies,Guard,198.12,88.452,USA,1999-02-20,"23 years, 1 months, 30 days",2,6,134,2343.0,890.0,364.0,167.0,94.0,52.0,2022-04-19 08:30:00,6395160
1630595,Cade Cunningham,Pistons,Guard,198.12,99.792,USA,2001-09-25,"20 years, 6 months, 25 days",0,1,64,2088.0,1114.0,354.0,356.0,78.0,43.0,Empty,10050120
203552,Seth Curry,Nets,Guard,187.96,83.916,USA,1990-08-23,"31 years, 7 months, 27 days",7,Undrafted,377,9489.0,4245.0,843.0,832.0,274.0,53.0,2022-04-20 07:00:00,8186047
201939,Stephen Curry,Warriors,Guard,187.96,83.916,USA,1988-03-14,"34 years, 1 months, 5 days",12,7,826,28361.0,20064.0,3838.0,5388.0,1367.0,187.0,2022-04-18 10:00:00,45780966
203076,Anthony Davis,Lakers,Forward,208.28,114.761,USA,1993-03-11,"29 years, 1 months, 8 days",9,1,604,20805.0,14390.0,6162.0,1414.0,824.0,1413.0,Empty,35361360
202334,Ed Davis,Cavaliers,Center,205.74,98.885,USA,1989-06-05,"32 years, 10 months, 14 days",11,13,722,13757.0,4291.0,4616.0,539.0,349.0,566.0,Empty,2641691
1629056,Terence Davis,Kings,Guard,193.04,91.174,USA,1997-05-16,"24 years, 11 months, 3 days",2,Undrafted,163,2820.0,1387.0,485.0,238.0,108.0,39.0,Empty,4000000
201942,DeMar DeRozan,Bulls,Guard,198.12,99.792,USA,1989-08-07,"32 years, 8 months, 12 days",12,9,957,32790.0,19869.0,4227.0,3729.0,935.0,280.0,2022-04-20 09:30:00,26000000
203473,Dewayne Dedmon,Heat,Center,213.36,111.132,USA,1989-08-12,"32 years, 8 months, 7 days",8,Undrafted,477,8471.0,3056.0,2836.0,332.0,249.0,390.0,2022-04-19 07:30:00,5256308
1628978,Donte DiVincenzo,Kings,Guard,193.04,92.081,USA,1997-01-31,"25 years, 2 months, 19 days",3,17,201,4752.0,1809.0,933.0,506.0,218.0,49.0,Empty,4675830
1628977,Hamidou Diallo,Pistons,Guard,195.58,91.627,USA,1998-07-31,"23 years, 8 months, 19 days",3,45,207,3917.0,1748.0,813.0,227.0,170.0,60.0,Empty,5200000
203476,Gorgui Dieng,Hawks,Center,208.28,112.493,Senegal,1990-01-18,"32 years, 3 months, 1 days",8,21,597,12269.0,4470.0,3427.0,784.0,464.0,535.0,2022-04-19 07:30:00,4000000
203915,Spencer Dinwiddie,Mavericks,Guard,198.12,97.524,USA,1993-04-06,"29 years, 0 months, 13 days",7,38,387,10207.0,5042.0,1167.0,1933.0,260.0,104.0,2022-04-18 08:30:00,17142857
1629029,Luka Doncic,Mavericks,Forward,200.66,104.328,Slovenia,1999-02-28,"23 years, 1 months, 22 days",3,3,264,8928.0,6962.0,2256.0,2102.0,278.0,111.0,2022-04-18 08:30:00,10174391
1629652,Luguentz Dort,Thunder,Guard,190.5,97.524,Canada,1999-04-19,"23 years, 0 months, 0 days",2,Undrafted,139,4029.0,1850.0,482.0,203.0,122.0,41.0,Empty,1782621
1630245,Ayo Dosunmu,Bulls,Guard,193.04,90.72,USA,2000-01-17,"22 years, 3 months, 2 days",0,38,77,2110.0,679.0,214.0,256.0,60.0,29.0,2022-04-20 09:30:00,925258
201609,Goran Dragic,Nets,Guard,190.5,86.184,Slovenia,1986-05-06,"35 years, 11 months, 13 days",13,45,888,24733.0,12203.0,2735.0,4254.0,863.0,163.0,2022-04-20 07:00:00,20168742
203083,Andre Drummond,Nets,Center,208.28,126.554,USA,1993-08-10,"28 years, 8 months, 9 days",9,9,718,21267.0,9938.0,9519.0,1003.0,976.0,1055.0,2022-04-20 07:00:00,2401537
1630537,Chris Duarte,Pacers,Guard,195.58,86.184,Dominican Republic,1997-06-13,"24 years, 10 months, 6 days",0,13,55,1541.0,720.0,226.0,114.0,56.0,10.0,Empty,3749520
201142,Kevin Durant,Nets,Forward,208.28,108.864,USA,1988-09-29,"33 years, 6 months, 21 days",13,2,939,34508.0,25526.0,6646.0,4032.0,1021.0,1038.0,2022-04-20 07:00:00,40918900
1630162,Anthony Edwards,Timberwolves,Guard,193.04,102.06,USA,2001-08-05,"20 years, 8 months, 14 days",1,1,144,4780.0,2925.0,679.0,486.0,187.0,82.0,2022-04-19 08:30:00,10245480
1629035,Carsen Edwards,Pistons,Guard,180.34,90.72,USA,1998-03-12,"24 years, 1 months, 7 days",2,33,72,705.0,267.0,79.0,52.0,21.0,5.0,Empty,76744
1630556,Kessler Edwards,Nets,Forward,200.66,92.081,USA,2000-08-09,"21 years, 8 months, 10 days",0,44,48,987.0,284.0,172.0,31.0,29.0,24.0,2022-04-20 07:00:00,5318
1629604,CJ Elleby,Trail Blazers,Forward,198.12,90.72,USA,2000-06-16,"21 years, 10 months, 3 days",1,46,88,1367.0,407.0,259.0,97.0,41.0,22.0,Empty,1517981
201961,Wayne Ellington,Lakers,Guard,193.04,93.895,USA,1987-11-29,"34 years, 4 months, 21 days",12,28,770,16101.0,6190.0,1643.0,852.0,412.0,66.0,Empty,2641691
203954,Joel Embiid,76ers,Center,213.36,127.008,Cameroon,1994-03-16,"28 years, 1 months, 3 days",5,3,328,10240.0,8535.0,3732.0,1080.0,285.0,542.0,2022-04-18 07:30:00,31579390
202324,Derrick Favors,Thunder,Forward,205.74,120.204,USA,1991-07-15,"30 years, 9 months, 4 days",11,3,790,19202.0,8354.0,5608.0,851.0,577.0,939.0,Empty,9720900
1628981,Bruno Fernando,Rockets,Forward,205.74,108.864,Angola,1998-08-15,"23 years, 8 months, 4 days",2,34,119,1091.0,379.0,331.0,66.0,23.0,31.0,Empty,1782621
1627827,Dorian Finney-Smith,Mavericks,Forward,200.66,99.792,USA,1993-05-04,"28 years, 11 months, 15 days",5,Undrafted,394,10759.0,3229.0,1792.0,554.0,316.0,168.0,2022-04-18 08:30:00,4000000
1630238,Malik Fitts,Celtics,Forward,195.58,104.328,USA,1997-07-04,"24 years, 9 months, 15 days",1,Undrafted,18,74.0,24.0,20.0,5.0,0.0,0.0,2022-04-20 07:00:00,231062
1630201,Malachi Flynn,Raptors,Guard,185.42,79.38,USA,1998-05-09,"23 years, 11 months, 10 days",1,29,91,1465.0,542.0,179.0,207.0,58.0,11.0,2022-04-18 07:30:00,2048040
1630235,Trent Forrest,Jazz,Guard,193.04,95.256,USA,1998-06-12,"23 years, 10 months, 7 days",1,Undrafted,90,1068.0,283.0,143.0,151.0,39.0,10.0,2022-04-18 08:30:00,8558
203095,Evan Fournier,Knicks,Guard,198.12,92.988,France,1992-10-29,"29 years, 5 months, 21 days",9,20,645,18476.0,9222.0,1771.0,1676.0,570.0,98.0,Empty,18139535
1628368,De'Aaron Fox,Kings,Guard,190.5,83.916,USA,1997-12-20,"24 years, 3 months, 30 days",4,5,322,10325.0,6148.0,1138.0,2005.0,432.0,142.0,Empty,28103550
1628365,Markelle Fultz,Magic,Guard,193.04,94.802,USA,1998-05-29,"23 years, 10 months, 21 days",4,1,131,3251.0,1423.0,425.0,623.0,147.0,27.0,Empty,16500000
1629117,Wenyen Gabriel,Lakers,Forward,205.74,92.988,South Sudan,1997-03-26,"25 years, 0 months, 24 days",2,Undrafted,77,835.0,276.0,203.0,33.0,25.0,26.0,Empty,29814
1629655,Daniel Gafford,Wizards,Forward,205.74,106.142,USA,1998-10-01,"23 years, 6 months, 18 days",2,38,169,2844.0,1277.0,744.0,118.0,69.0,230.0,Empty,1782621
201568,Danilo Gallinari,Hawks,Forward,208.28,107.05,Italy,1988-08-08,"33 years, 8 months, 11 days",12,6,728,21779.0,11327.0,3510.0,1414.0,537.0,262.0,2022-04-19 07:30:00,20475000
1629636,Darius Garland,Cavaliers,Guard,185.42,87.091,USA,2000-01-26,"22 years, 2 months, 24 days",2,5,181,6044.0,3142.0,464.0,1141.0,197.0,17.0,Empty,7040880
1630586,Usman Garuba,Rockets,Forward,203.2,103.874,Spain,2002-03-09,"20 years, 1 months, 10 days",0,23,24,239.0,48.0,83.0,17.0,10.0,11.0,Empty,2353320
1630568,Luka Garza,Pistons,Center,208.28,110.225,USA,1998-12-27,"23 years, 3 months, 23 days",0,52,32,389.0,186.0,100.0,20.0,9.0,6.0,Empty,925258
200752,Rudy Gay,Jazz,Forward,203.2,113.4,USA,1986-08-17,"35 years, 8 months, 2 days",15,8,1064,33745.0,17349.0,6120.0,2223.0,1212.0,780.0,2022-04-18 08:30:00,5890000
202331,Paul George,Clippers,Forward,203.2,99.792,USA,1990-05-02,"31 years, 11 months, 17 days",11,10,737,24741.0,15029.0,4735.0,2641.0,1268.0,324.0,Empty,39344970
201959,Taj Gibson,Knicks,Forward,205.74,105.235,USA,1985-06-24,"36 years, 9 months, 26 days",12,26,896,21977.0,8088.0,5477.0,880.0,503.0,927.0,Empty,4910000
1630581,Josh Giddey,Thunder,Guard,203.2,92.988,Australia,2002-10-10,"19 years, 6 months, 9 days",0,6,54,1700.0,674.0,421.0,345.0,51.0,20.0,Empty,5988000
1628983,Shai Gilgeous-Alexander,Thunder,Guard,198.12,81.648,Canada,1998-07-12,"23 years, 9 months, 7 days",3,11,243,7724.0,4421.0,1088.0,1040.0,273.0,161.0,Empty,5495532
1630264,Anthony Gill,Wizards,Forward,200.66,104.328,USA,1992-10-17,"29 years, 6 months, 2 days",1,Undrafted,70,681.0,260.0,136.0,38.0,15.0,15.0,Empty,1517981
203497,Rudy Gobert,Jazz,Center,215.9,117.029,France,1992-06-26,"29 years, 9 months, 24 days",8,27,611,18301.0,7592.0,7119.0,807.0,412.0,1357.0,2022-04-18 08:30:00,35344828
203932,Aaron Gordon,Nuggets,Forward,203.2,106.596,USA,1995-09-16,"26 years, 7 months, 3 days",7,4,528,15276.0,6887.0,3310.0,1313.0,389.0,335.0,2022-04-18 10:00:00,16409091
201569,Eric Gordon,Rockets,Guard,190.5,97.524,USA,1988-12-25,"33 years, 3 months, 25 days",13,7,749,24259.0,12263.0,1811.0,2121.0,641.0,258.0,Empty,18218818
1628984,Devonte' Graham,Pelicans,Guard,185.42,88.452,USA,1995-02-22,"27 years, 1 months, 28 days",3,34,240,6708.0,3080.0,600.0,1203.0,204.0,35.0,2022-04-19 10:00:00,11000000
203924,Jerami Grant,Pistons,Forward,203.2,95.256,USA,1994-03-12,"28 years, 1 months, 7 days",7,39,555,14455.0,6329.0,2189.0,747.0,348.0,615.0,Empty,20000000
201980,Danny Green,76ers,Guard,198.12,97.524,USA,1987-06-22,"34 years, 9 months, 28 days",12,46,819,20741.0,7143.0,2811.0,1270.0,846.0,631.0,2022-04-18 07:30:00,10000000
203110,Draymond Green,Warriors,Forward,198.12,104.328,USA,1990-03-04,"32 years, 1 months, 15 days",9,35,685,19511.0,5960.0,4750.0,3733.0,955.0,711.0,2022-04-18 10:00:00,24026712
203210,JaMychal Green,Nuggets,Forward,203.2,102.967,USA,1990-06-21,"31 years, 9 months, 29 days",7,Undrafted,487,10136.0,3842.0,2781.0,445.0,273.0,203.0,2022-04-18 10:00:00,8292683
1630224,Jalen Green,Rockets,Guard,193.04,84.37,USA,2002-02-09,"20 years, 2 months, 10 days",0,2,67,2138.0,1157.0,226.0,176.0,44.0,18.0,Empty,8992200
1629750,Javonte Green,Bulls,Guard,195.58,92.988,USA,1993-07-23,"28 years, 8 months, 27 days",2,Undrafted,154,2461.0,777.0,440.0,103.0,119.0,46.0,2022-04-20 09:30:00,1669178
201145,Jeff Green,Nuggets,Forward,203.2,106.596,USA,1986-08-28,"35 years, 7 months, 22 days",13,5,1051,30464.0,13295.0,4502.0,1625.0,719.0,539.0,2022-04-18 10:00:00,4500000
1630182,Josh Green,Mavericks,Guard,195.58,90.72,Australia,2000-11-16,"21 years, 5 months, 3 days",1,18,106,1484.0,420.0,239.0,107.0,61.0,17.0,2022-04-18 08:30:00,2957520
201933,Blake Griffin,Nets,Forward,205.74,113.4,USA,1989-03-16,"33 years, 1 months, 3 days",11,1,724,23817.0,14343.0,5954.0,2994.0,612.0,350.0,2022-04-20 07:00:00,32405817
1629656,Quentin Grimes,Knicks,Guard,193.04,95.256,USA,2000-05-08,"21 years, 11 months, 11 days",0,25,46,786.0,275.0,94.0,44.0,31.0,11.0,Empty,2168760
1629060,Rui Hachimura,Wizards,Forward,203.2,104.328,Japan,1998-02-08,"24 years, 2 months, 11 days",2,9,147,4185.0,1913.0,766.0,217.0,104.0,24.0,Empty,4916160
1630169,Tyrese Haliburton,Pacers,Guard,195.58,83.916,USA,2000-02-29,"22 years, 1 months, 21 days",1,12,135,4440.0,1934.0,484.0,937.0,211.0,77.0,Empty,4023600
1630181,R.J. Hampton,Magic,Guard,193.04,79.38,USA,2001-02-07,"21 years, 2 months, 12 days",1,24,115,2291.0,843.0,373.0,245.0,63.0,23.0,Empty,2303040
203501,Tim Hardaway Jr.,Mavericks,Guard,195.58,92.988,USA,1992-03-16,"30 years, 1 months, 3 days",8,24,586,15838.0,8149.0,1650.0,1095.0,366.0,83.0,2022-04-18 08:30:00,21306816
201935,James Harden,76ers,Guard,195.58,99.792,USA,1989-08-26,"32 years, 7 months, 24 days",12,3,942,32616.0,23477.0,5294.0,6397.0,1449.0,512.0,2022-04-18 07:30:00,43848000
203090,Maurice Harkless,Kings,Forward,200.66,99.792,USA,1993-05-11,"28 years, 11 months, 8 days",9,15,621,14019.0,4259.0,2198.0,572.0,583.0,399.0,Empty,4347600
1626149,Montrezl Harrell,Hornets,Forward,200.66,108.864,USA,1994-01-26,"28 years, 2 months, 24 days",6,32,458,9863.0,5900.0,2429.0,642.0,252.0,379.0,Empty,9720900
203914,Gary Harris,Magic,Guard,193.04,95.256,USA,1994-09-14,"27 years, 7 months, 5 days",7,19,468,13474.0,5526.0,1162.0,965.0,547.0,101.0,Empty,20482143
203925,Joe Harris,Nets,Guard,198.12,99.792,USA,1991-09-06,"30 years, 7 months, 13 days",7,33,414,10602.0,4584.0,1344.0,679.0,204.0,80.0,2022-04-20 07:00:00,17357143
202699,Tobias Harris,76ers,Forward,200.66,102.514,USA,1992-07-15,"29 years, 9 months, 4 days",10,19,753,23619.0,12313.0,4660.0,1728.0,557.0,396.0,2022-04-18 07:30:00,36000000
1628404,Josh Hart,Trail Blazers,Guard,195.58,97.524,USA,1995-03-06,"27 years, 1 months, 13 days",4,30,296,8071.0,2918.0,1701.0,614.0,273.0,104.0,Empty,12000000
1628392,Isaiah Hartenstein,Clippers,Center,213.36,113.4,Germany,1998-05-05,"23 years, 11 months, 14 days",3,43,165,2262.0,959.0,650.0,248.0,85.0,140.0,Empty,3430810
2617,Udonis Haslem,Heat,Forward,203.2,106.596,USA,1980-06-09,"41 years, 10 months, 10 days",18,Undrafted,872,21650.0,6559.0,5780.0,733.0,423.0,250.0,2022-04-19 07:30:00,2641691
1630573,Sam Hauser,Celtics,Forward,200.66,98.431,USA,1997-12-08,"24 years, 4 months, 11 days",0,Undrafted,26,158.0,65.0,29.0,10.0,1.0,2.0,2022-04-20 07:00:00,313737
1629637,Jaxson Hayes,Pelicans,Center,210.82,99.792,USA,2000-05-23,"21 years, 10 months, 27 days",2,8,194,3441.0,1575.0,831.0,134.0,84.0,148.0,2022-04-19 10:00:00,5348280
1630165,Killian Hayes,Pistons,Guard,195.58,88.452,France,2001-07-27,"20 years, 8 months, 23 days",1,7,92,2317.0,629.0,279.0,415.0,105.0,45.0,Empty,5572680
202330,Gordon Hayward,Hornets,Forward,200.66,102.06,USA,1990-03-23,"32 years, 0 months, 27 days",11,9,734,22831.0,11454.0,3302.0,2576.0,726.0,296.0,Empty,29900000
1627823,Juancho Hernangomez,Jazz,Forward,205.74,97.07,Spain,1995-09-28,"26 years, 6 months, 22 days",5,15,297,4655.0,1589.0,1008.0,191.0,115.0,65.0,2022-04-18 08:30:00,6175440
1626195,Willy Hernangomez,Pelicans,Center,210.82,113.4,Spain,1994-05-27,"27 years, 10 months, 23 days",5,35,306,4691.0,2262.0,1802.0,331.0,128.0,121.0,2022-04-19 10:00:00,2327220
1629639,Tyler Herro,Heat,Guard,195.58,88.452,USA,2000-01-20,"22 years, 2 months, 30 days",2,13,175,5294.0,2925.0,821.0,568.0,113.0,34.0,2022-04-19 07:30:00,4004280
1627741,Buddy Hield,Pacers,Guard,193.04,99.792,Bahamas,1992-12-17,"29 years, 4 months, 2 days",5,6,468,13675.0,7463.0,2003.0,1180.0,383.0,136.0,Empty,22477273
1629312,Haywood Highsmith,Heat,Forward,193.04,99.792,USA,1996-12-09,"25 years, 4 months, 10 days",1,,24,203.0,52.0,31.0,8.0,3.0,3.0,2022-04-19 07:30:00,290967
201588,George Hill,Bucks,Guard,193.04,85.277,USA,1986-05-04,"35 years, 11 months, 15 days",13,26,869,23668.0,9313.0,2646.0,2697.0,780.0,227.0,2022-04-20 09:30:00,4000000
1628988,Aaron Holiday,Suns,Guard,182.88,83.916,USA,1996-09-30,"25 years, 6 months, 20 days",3,23,245,4460.0,1796.0,434.0,588.0,164.0,51.0,2022-04-19 10:00:00,3980551
201950,Jrue Holiday,Bucks,Guard,190.5,92.988,USA,1990-06-12,"31 years, 10 months, 7 days",12,17,839,27816.0,13586.0,3361.0,5373.0,1267.0,430.0,2022-04-20 09:30:00,30133333
203200,Justin Holiday,Kings,Forward,198.12,81.648,USA,1989-04-05,"33 years, 0 months, 14 days",8,Undrafted,576,14149.0,5005.0,1700.0,860.0,559.0,255.0,Empty,6006420
1626158,Richaun Holmes,Kings,Forward,208.28,106.596,USA,1993-10-15,"28 years, 6 months, 4 days",6,37,376,7922.0,3605.0,2167.0,403.0,220.0,396.0,Empty,10384500
203918,Rodney Hood,Clippers,Guard,203.2,94.349,USA,1992-10-20,"29 years, 5 months, 30 days",7,23,448,10978.0,4656.0,1160.0,736.0,301.0,80.0,Empty,2239544
201143,Al Horford,Celtics,Center,205.74,108.864,Dominican Republic,1986-06-03,"35 years, 10 months, 16 days",14,3,950,30598.0,12989.0,7772.0,3144.0,762.0,1126.0,2022-04-20 07:00:00,27000000
1629659,Talen Horton-Tucker,Lakers,Guard,193.04,106.142,USA,2000-11-25,"21 years, 4 months, 25 days",2,46,131,2896.0,1216.0,369.0,346.0,130.0,51.0,Empty,9500000
1627863,Danuel House Jr.,Jazz,Forward,198.12,99.792,USA,1993-06-07,"28 years, 10 months, 12 days",5,Undrafted,204,4954.0,1743.0,727.0,263.0,136.0,84.0,2022-04-18 08:30:00,2045094
2730,Dwight Howard,Lakers,Center,208.28,120.204,USA,1985-12-08,"36 years, 4 months, 11 days",17,1,1242,39456.0,19485.0,14627.0,1676.0,1081.0,2228.0,Empty,2641691
1628989,Kevin Huerter,Hawks,Guard,200.66,89.813,USA,1998-08-27,"23 years, 7 months, 23 days",3,19,274,8123.0,3125.0,958.0,871.0,253.0,96.0,2022-04-19 07:30:00,4253357
1630190,Elijah Hughes,Trail Blazers,Guard,195.58,97.524,USA,1998-03-10,"24 years, 1 months, 9 days",1,39,54,498.0,157.0,67.0,28.0,15.0,9.0,Empty,1517981
1629631,De'Andre Hunter,Hawks,Forward,203.2,100.246,USA,1997-12-02,"24 years, 4 months, 17 days",2,4,139,4273.0,1831.0,572.0,224.0,99.0,51.0,2022-04-19 07:30:00,7775400
1630538,Bones Hyland,Nuggets,Guard,187.96,76.658,USA,2000-09-14,"21 years, 7 months, 5 days",0,26,69,1310.0,698.0,188.0,191.0,41.0,20.0,2022-04-18 10:00:00,2096880
201586,Serge Ibaka,Bucks,Forward,208.28,106.596,Republic of the Congo,1989-09-18,"32 years, 7 months, 1 days",12,24,903,24942.0,10962.0,6469.0,745.0,371.0,1752.0,2022-04-20 09:30:00,9742000
2738,Andre Iguodala,Warriors,Guard,198.12,97.524,USA,1984-01-28,"38 years, 2 months, 22 days",17,9,1223,39393.0,13951.0,6030.0,5128.0,1761.0,630.0,2022-04-18 10:00:00,2641691
204060,Joe Ingles,Trail Blazers,Forward,203.2,99.792,Australia,1987-10-02,"34 years, 6 months, 17 days",7,Undrafted,590,15157.0,5094.0,1914.0,2213.0,544.0,90.0,Empty,14000000
1627742,Brandon Ingram,Pelicans,Forward,203.2,86.184,USA,1997-09-02,"24 years, 7 months, 17 days",5,2,368,12079.0,6812.0,1896.0,1412.0,260.0,210.0,2022-04-19 10:00:00,29467800
202681,Kyrie Irving,Nets,Guard,187.96,88.452,Australia,1992-03-23,"30 years, 0 months, 27 days",10,1,611,20804.0,14089.0,2339.0,3504.0,816.0,241.0,2022-04-20 07:00:00,34916200
1628371,Jonathan Isaac,Magic,Forward,208.28,104.328,USA,1997-10-03,"24 years, 6 months, 16 days",3,6,136,3512.0,1269.0,741.0,146.0,145.0,206.0,Empty,17400000
1628402,Frank Jackson,Pistons,Guard,190.5,92.988,USA,1998-05-04,"23 years, 11 months, 15 days",3,31,213,3868.0,1816.0,390.0,221.0,84.0,16.0,Empty,3000000
1630543,Isaiah Jackson,Pacers,Forward,208.28,92.988,USA,2002-01-10,"20 years, 3 months, 9 days",0,22,36,541.0,297.0,149.0,10.0,25.0,52.0,Empty,2451120
1628367,Josh Jackson,Kings,Guard,203.2,93.895,USA,1997-02-10,"25 years, 2 months, 9 days",4,4,291,6718.0,3276.0,1159.0,534.0,251.0,169.0,Empty,5005350
202704,Reggie Jackson,Clippers,Guard,187.96,94.349,USA,1990-04-16,"32 years, 0 months, 3 days",10,24,703,18001.0,9183.0,2122.0,3020.0,486.0,88.0,Empty,10384500
1628991,Jaren Jackson Jr.,Grizzlies,Forward,210.82,109.771,USA,1999-09-15,"22 years, 7 months, 4 days",3,4,204,5521.0,3218.0,1050.0,240.0,177.0,369.0,2022-04-19 08:30:00,9180560
2544,LeBron James,Lakers,Forward,205.74,113.4,USA,1984-12-30,"37 years, 3 months, 20 days",18,1,1366,52138.0,37062.0,10210.0,10045.0,2136.0,1041.0,Empty,41180544
1629660,Ty Jerome,Thunder,Guard,195.58,88.452,USA,1997-07-08,"24 years, 9 months, 11 days",2,24,112,1916.0,795.0,215.0,273.0,65.0,14.0,Empty,2412840
1630198,Isaiah Joe,76ers,Guard,193.04,74.844,USA,1999-07-02,"22 years, 9 months, 17 days",1,49,96,992.0,351.0,92.0,55.0,26.0,7.0,2022-04-18 07:30:00,1517981
1629661,Cameron Johnson,Suns,Forward,203.2,95.256,USA,1996-03-03,"26 years, 1 months, 16 days",2,11,183,4423.0,1899.0,659.0,254.0,130.0,52.0,2022-04-19 10:00:00,4437000
1630552,Jalen Johnson,Hawks,Forward,203.2,99.338,USA,2001-12-18,"20 years, 4 months, 1 days",0,20,22,120.0,52.0,26.0,3.0,3.0,2.0,2022-04-19 07:30:00,2659560
1629640,Keldon Johnson,Spurs,Forward,198.12,99.792,USA,1999-10-11,"22 years, 6 months, 8 days",2,29,161,4660.0,2313.0,926.0,294.0,112.0,40.0,Empty,2145720
1630553,Keon Johnson,Trail Blazers,Guard,193.04,83.916,USA,2002-03-10,"20 years, 1 months, 9 days",0,21,37,696.0,267.0,81.0,76.0,28.0,12.0,Empty,2553120
1626169,Stanley Johnson,Lakers,Forward,198.12,109.771,USA,1996-05-29,"25 years, 10 months, 21 days",6,8,419,8408.0,2632.0,1309.0,612.0,367.0,100.0,Empty,888616
203999,Nikola Jokic,Nuggets,Center,210.82,128.822,Serbia,1995-02-19,"27 years, 2 months, 0 days",6,41,527,16015.0,10364.0,5456.0,3281.0,627.0,376.0,2022-04-18 10:00:00,30510423
1627745,Damian Jones,Kings,Center,210.82,111.132,USA,1995-06-30,"26 years, 9 months, 20 days",5,30,199,3033.0,1117.0,685.0,163.0,77.0,148.0,Empty,1977011
1630529,Herbert Jones,Pelicans,Forward,200.66,93.442,USA,1998-10-06,"23 years, 6 months, 13 days",0,35,78,2335.0,742.0,296.0,167.0,130.0,60.0,2022-04-19 10:00:00,1700000
1630539,Kai Jones,Hornets,Center,208.28,100.246,Bahamas,2001-01-19,"21 years, 3 months, 0 days",0,19,21,63.0,22.0,11.0,4.0,1.0,2.0,Empty,2770560
1630200,Tre Jones,Spurs,Guard,185.42,83.916,USA,2000-01-08,"22 years, 3 months, 11 days",1,41,106,1417.0,507.0,176.0,272.0,50.0,7.0,Empty,1517981
1626145,Tyus Jones,Grizzlies,Guard,182.88,88.906,USA,1996-05-10,"25 years, 11 months, 9 days",6,24,455,8378.0,2807.0,799.0,1691.0,444.0,33.0,2022-04-19 08:30:00,7522200
1627884,Derrick Jones Jr.,Bulls,Forward,198.12,95.256,USA,1997-02-15,"25 years, 2 months, 4 days",5,Undrafted,280,5537.0,1833.0,964.0,197.0,184.0,193.0,2022-04-20 09:30:00,9720900
201599,DeAndre Jordan,76ers,Center,210.82,120.204,USA,1988-07-21,"33 years, 8 months, 29 days",13,35,980,26195.0,8933.0,10142.0,932.0,537.0,1501.0,2022-04-18 07:30:00,11109327
202709,Cory Joseph,Pistons,Guard,190.5,90.72,Canada,1991-08-20,"30 years, 7 months, 30 days",10,29,728,16161.0,5161.0,1884.0,2186.0,562.0,167.0,Empty,7310000
1628379,Luke Kennard,Clippers,Guard,195.58,93.442,USA,1996-06-24,"25 years, 9 months, 26 days",4,12,297,6973.0,2966.0,847.0,603.0,147.0,44.0,Empty,12727273
1630557,Corey Kispert,Wizards,Forward,198.12,101.606,USA,1999-03-03,"23 years, 1 months, 16 days",0,15,77,1801.0,634.0,209.0,85.0,35.0,22.0,Empty,3383640
1628467,Maxi Kleber,Mavericks,Forward,208.28,108.864,Germany,1992-01-29,"30 years, 2 months, 21 days",4,Undrafted,326,7389.0,2307.0,1561.0,345.0,141.0,301.0,2022-04-18 08:30:00,8750000
1629723,John Konchar,Grizzlies,Guard,195.58,95.256,USA,1996-03-22,"26 years, 0 months, 28 days",2,Undrafted,134,2048.0,587.0,504.0,178.0,82.0,34.0,2022-04-19 08:30:00,2197674
1627788,Furkan Korkmaz,76ers,Guard,200.66,91.627,Turkey,1997-07-24,"24 years, 8 months, 26 days",4,26,256,4793.0,2016.0,574.0,344.0,154.0,37.0,2022-04-18 07:30:00,4629630
1628436,Luke Kornet,Celtics,Center,218.44,113.4,USA,1995-07-15,"26 years, 9 months, 4 days",4,Undrafted,148,2120.0,807.0,379.0,145.0,51.0,119.0,2022-04-20 07:00:00,606702
1630249,Vit Krejci,Thunder,Guard,203.2,88.452,Czech Republic,2000-06-19,"21 years, 10 months, 0 days",0,37,30,690.0,187.0,101.0,57.0,19.0,8.0,Empty,925258
1630228,Jonathan Kuminga,Warriors,Forward,200.66,102.06,DRC,2002-10-06,"19 years, 6 months, 13 days",0,7,70,1185.0,652.0,234.0,64.0,31.0,22.0,2022-04-18 10:00:00,5466360
1628398,Kyle Kuzma,Wizards,Forward,205.74,100.246,USA,1995-07-24,"26 years, 8 months, 26 days",4,27,342,10399.0,5336.0,2116.0,759.0,195.0,184.0,Empty,13000000
203897,Zach LaVine,Bulls,Guard,195.58,90.72,USA,1995-03-10,"27 years, 1 months, 9 days",7,13,478,15218.0,9466.0,1876.0,1860.0,423.0,145.0,2022-04-20 09:30:00,19500000
203087,Jeremy Lamb,Kings,Guard,195.58,81.648,USA,1992-05-30,"29 years, 10 months, 20 days",9,12,573,11896.0,5805.0,2073.0,904.0,417.0,218.0,Empty,10500000
1629111,Jock Landale,Spurs,Center,210.82,115.668,Australia,1995-10-25,"26 years, 5 months, 25 days",0,Undrafted,54,589.0,265.0,138.0,45.0,10.0,14.0,Empty,925258
1629641,Romeo Langford,Spurs,Guard,195.58,97.978,USA,1999-10-25,"22 years, 5 months, 25 days",2,14,98,1424.0,353.0,184.0,47.0,36.0,29.0,Empty,3804360
1627774,Jake Layman,Timberwolves,Forward,203.2,94.802,USA,1994-03-07,"28 years, 1 months, 12 days",5,47,243,3099.0,1175.0,417.0,127.0,99.0,71.0,2022-04-19 08:30:00,3940184
1627747,Caris LeVert,Cavaliers,Guard,198.12,92.988,USA,1994-08-25,"27 years, 7 months, 25 days",5,20,318,8759.0,4649.0,1216.0,1257.0,343.0,107.0,Empty,17500000
1627814,Damion Lee,Warriors,Guard,195.58,95.256,USA,1992-10-21,"29 years, 5 months, 29 days",4,Undrafted,216,4538.0,1780.0,757.0,311.0,159.0,21.0,2022-04-18 10:00:00,1910860
1630240,Saben Lee,Pistons,Guard,187.96,83.009,USA,1999-06-23,"22 years, 9 months, 27 days",1,38,85,1384.0,475.0,184.0,281.0,68.0,25.0,Empty,1489065
203458,Alex Len,Kings,Center,213.36,113.4,Ukraine,1993-06-16,"28 years, 10 months, 3 days",8,5,570,10770.0,4371.0,3341.0,489.0,224.0,550.0,Empty,3731707
202695,Kawhi Leonard,Clippers,Forward,200.66,102.06,USA,1991-06-29,"30 years, 9 months, 21 days",10,15,576,18025.0,11085.0,3689.0,1672.0,1013.0,367.0,Empty,39344900
1630184,Kira Lewis Jr.,Pelicans,Guard,185.42,77.112,USA,2001-04-06,"21 years, 0 months, 13 days",1,13,78,1246.0,484.0,110.0,173.0,49.0,11.0,2022-04-19 10:00:00,3822240
203081,Damian Lillard,Trail Blazers,Guard,187.96,88.452,USA,1990-07-15,"31 years, 9 months, 4 days",9,6,711,25832.0,17510.0,2976.0,4726.0,682.0,221.0,Empty,39344900
1629642,Nassir Little,Trail Blazers,Forward,195.58,99.792,USA,2000-02-11,"22 years, 2 months, 8 days",2,25,138,2301.0,802.0,472.0,99.0,43.0,63.0,Empty,2316240
1630587,Isaiah Livers,Pistons,Forward,198.12,105.235,USA,1998-07-28,"23 years, 8 months, 22 days",0,42,19,383.0,121.0,57.0,21.0,13.0,7.0,Empty,1057260
1626172,Kevon Looney,Warriors,Forward,205.74,100.699,USA,1996-02-06,"26 years, 2 months, 13 days",6,30,367,6014.0,1721.0,1750.0,498.0,178.0,206.0,2022-04-18 10:00:00,5178572
201572,Brook Lopez,Bucks,Center,213.36,127.915,USA,1988-04-01,"34 years, 0 months, 18 days",13,10,868,26193.0,14247.0,5407.0,1245.0,503.0,1530.0,2022-04-20 09:30:00,13302325
201577,Robin Lopez,Magic,Center,213.36,127.462,USA,1988-04-01,"34 years, 0 months, 18 days",13,15,939,20573.0,8196.0,4604.0,796.0,216.0,1034.0,Empty,5000000
1629712,Didi Louzada,Trail Blazers,Guard,195.58,85.277,Brazil,1999-07-02,"22 years, 9 months, 17 days",1,35,12,186.0,43.0,20.0,8.0,4.0,2.0,Empty,1786878
201567,Kevin Love,Cavaliers,Forward,203.2,113.854,USA,1988-09-07,"33 years, 7 months, 12 days",13,5,812,25089.0,14305.0,8666.0,1919.0,528.0,342.0,Empty,31300000
200768,Kyle Lowry,Heat,Guard,182.88,88.906,USA,1986-03-25,"36 years, 0 months, 25 days",15,24,1023,32616.0,15116.0,4475.0,6469.0,1350.0,298.0,2022-04-19 07:30:00,26984128
1627789,Timothe Luwawu-Cabarrot,Hawks,Guard,200.66,97.524,France,1995-05-09,"26 years, 11 months, 10 days",5,24,328,5254.0,1937.0,656.0,293.0,132.0,42.0,2022-04-19 07:30:00,1939350
1626168,Trey Lyles,Kings,Forward,205.74,106.142,Canada,1995-11-05,"26 years, 5 months, 14 days",6,12,449,8216.0,3503.0,1953.0,477.0,175.0,156.0,Empty,2500000
1630177,Theo Maledon,Thunder,Guard,193.04,79.38,France,2001-06-12,"20 years, 10 months, 7 days",1,34,116,2686.0,1019.0,342.0,338.0,87.0,22.0,Empty,2000000
1629611,Terance Mann,Clippers,Guard,195.58,97.524,USA,1996-10-18,"25 years, 6 months, 1 days",2,48,189,3942.0,1443.0,722.0,366.0,95.0,39.0,Empty,1782621
1630544,Tre Mann,Thunder,Guard,190.5,80.741,USA,2001-02-03,"21 years, 2 months, 16 days",0,18,60,1367.0,625.0,171.0,91.0,47.0,12.0,Empty,2901240
1626246,Boban Marjanovic,Mavericks,Center,220.98,131.544,Serbia,1988-08-15,"33 years, 8 months, 4 days",6,Undrafted,286,2641.0,1688.0,1097.0,139.0,54.0,92.0,2022-04-18 08:30:00,3500000
1628374,Lauri Markkanen,Cavaliers,Forward,210.82,108.864,Finland,1997-05-22,"24 years, 10 months, 28 days",4,7,282,8389.0,4339.0,1904.0,354.0,189.0,141.0,Empty,15690909
1630230,Naji Marshall,Pelicans,Forward,200.66,99.792,USA,1998-01-24,"24 years, 2 months, 26 days",1,Undrafted,87,1435.0,559.0,290.0,150.0,59.0,18.0,2022-04-19 10:00:00,1517981
1628997,Caleb Martin,Heat,Forward,195.58,92.988,USA,1995-09-28,"26 years, 6 months, 22 days",2,Undrafted,131,2507.0,926.0,409.0,154.0,107.0,49.0,2022-04-19 07:30:00,527614
1628998,Cody Martin,Hornets,Forward,198.12,92.988,USA,1995-09-28,"26 years, 6 months, 22 days",2,36,171,3618.0,989.0,604.0,360.0,164.0,53.0,Empty,1782621
1630231,Kenyon Martin Jr.,Rockets,Forward,195.58,97.524,USA,2001-01-06,"21 years, 3 months, 13 days",1,52,124,2724.0,1115.0,539.0,149.0,64.0,81.0,Empty,1517981
1629726,Garrison Mathews,Rockets,Guard,195.58,97.524,USA,1996-10-24,"25 years, 5 months, 26 days",2,Undrafted,147,2977.0,1102.0,301.0,100.0,94.0,32.0,Empty,1093598
202083,Wesley Matthews,Bucks,Guard,193.04,99.792,USA,1986-10-14,"35 years, 6 months, 5 days",12,Undrafted,898,27347.0,10921.0,2591.0,1786.0,889.0,180.0,2022-04-20 09:30:00,1958501
1630178,Tyrese Maxey,76ers,Guard,187.96,90.72,USA,2000-11-04,"21 years, 5 months, 15 days",1,21,136,3586.0,1799.0,344.0,441.0,81.0,45.0,2022-04-18 07:30:00,2602920
1630219,Skylar Mays,Hawks,Guard,193.04,92.988,USA,1997-09-05,"24 years, 7 months, 14 days",1,50,61,489.0,204.0,60.0,47.0,21.0,2.0,2022-04-19 07:30:00,34231
1630540,Miles McBride,Knicks,Guard,185.42,88.452,USA,2000-09-08,"21 years, 7 months, 11 days",0,36,40,372.0,89.0,42.0,41.0,14.0,1.0,Empty,925258
203468,CJ McCollum,Pelicans,Guard,190.5,86.184,USA,1991-09-19,"30 years, 7 months, 0 days",8,10,590,18625.0,11341.0,2041.0,2044.0,526.0,223.0,2022-04-19 10:00:00,30864198
204456,T.J. McConnell,Pacers,Guard,185.42,86.184,USA,1992-03-25,"30 years, 0 months, 25 days",6,,481,10691.0,3299.0,1436.0,2404.0,613.0,94.0,Empty,7500000
1630183,Jaden McDaniels,Timberwolves,Forward,205.74,83.916,USA,2000-09-29,"21 years, 6 months, 21 days",1,28,133,3313.0,1074.0,525.0,150.0,87.0,114.0,2022-04-19 08:30:00,2063280
1629667,Jalen McDaniels,Hornets,Forward,205.74,92.988,USA,1998-01-31,"24 years, 2 months, 19 days",2,52,118,2092.0,775.0,404.0,124.0,62.0,44.0,Empty,1782621
203926,Doug McDermott,Spurs,Forward,200.66,102.06,USA,1992-01-03,"30 years, 3 months, 16 days",7,11,527,11012.0,4846.0,1236.0,496.0,113.0,53.0,Empty,13750000
201580,JaVale McGee,Suns,Center,213.36,122.472,USA,1988-01-19,"34 years, 3 months, 0 days",13,18,821,13982.0,6536.0,4344.0,358.0,327.0,1212.0,2022-04-19 10:00:00,5000000
203585,Rodney McGruder,Pistons,Guard,193.04,92.988,USA,1991-07-29,"30 years, 8 months, 21 days",5,Undrafted,285,5634.0,1642.0,811.0,353.0,145.0,49.0,Empty,1939350
1629162,Jordan McLaughlin,Timberwolves,Guard,180.34,83.916,USA,1996-04-09,"26 years, 0 months, 10 days",2,Undrafted,143,2430.0,718.0,251.0,498.0,142.0,20.0,2022-04-19 08:30:00,1669178
203463,Ben McLemore,Trail Blazers,Guard,190.5,88.452,USA,1993-02-11,"29 years, 2 months, 8 days",8,7,556,12534.0,5015.0,1269.0,563.0,353.0,106.0,Empty,2389641
1629001,De'Anthony Melton,Grizzlies,Guard,187.96,90.72,USA,1998-05-28,"23 years, 10 months, 22 days",3,46,235,4853.0,1968.0,843.0,660.0,309.0,113.0,2022-04-19 08:30:00,8437500
1629002,Chimezie Metu,Kings,Forward,205.74,102.06,USA,1997-03-22,"25 years, 0 months, 28 days",3,49,143,2018.0,869.0,516.0,111.0,74.0,58.0,Empty,1762796
203114,Khris Middleton,Bucks,Forward,200.66,100.699,USA,1991-08-12,"30 years, 8 months, 7 days",9,39,651,20693.0,11136.0,3166.0,2461.0,794.0,123.0,2022-04-20 09:30:00,35500000
201988,Patty Mills,Nets,Guard,182.88,81.648,Australia,1988-08-11,"33 years, 8 months, 8 days",12,55,820,17013.0,7520.0,1390.0,1894.0,533.0,73.0,2022-04-20 07:00:00,5890000
200794,Paul Millsap,76ers,Forward,200.66,116.575,USA,1985-02-10,"37 years, 2 months, 9 days",15,47,1085,30498.0,14536.0,7673.0,2378.0,1327.0,1045.0,2022-04-18 07:30:00,2641691
1629003,Shake Milton,76ers,Guard,195.58,92.988,USA,1996-09-26,"25 years, 6 months, 24 days",3,54,178,3714.0,1731.0,413.0,454.0,95.0,50.0,2022-04-18 07:30:00,1846738
1630558,Davion Mitchell,Kings,Guard,182.88,91.627,USA,1998-09-05,"23 years, 7 months, 14 days",0,9,75,2076.0,861.0,166.0,313.0,55.0,24.0,Empty,4603320
1628378,Donovan Mitchell,Jazz,Guard,185.42,97.524,USA,1996-09-07,"25 years, 7 months, 12 days",4,13,345,11637.0,8234.0,1433.0,1542.0,445.0,99.0,2022-04-18 08:30:00,28103550
1630596,Evan Mobley,Cavaliers,Center,210.82,97.524,USA,2001-06-18,"20 years, 10 months, 1 days",0,3,69,2331.0,1034.0,570.0,174.0,56.0,115.0,Empty,8075160
1628370,Malik Monk,Lakers,Guard,190.5,90.72,USA,1998-02-04,"24 years, 2 months, 15 days",4,11,309,6298.0,3176.0,717.0,627.0,162.0,77.0,Empty,1789256
202328,Greg Monroe,Timberwolves,Forward,208.28,113.4,USA,1990-06-04,"31 years, 10 months, 15 days",9,7,646,17670.0,8402.0,5293.0,1376.0,680.0,373.0,2022-04-19 08:30:00,55208
1630541,Moses Moody,Warriors,Guard,195.58,95.71,USA,2002-05-31,"19 years, 10 months, 19 days",0,14,52,607.0,228.0,80.0,23.0,7.0,10.0,2022-04-18 10:00:00,3562080
1629630,Ja Morant,Grizzlies,Guard,190.5,78.926,USA,1999-08-10,"22 years, 8 months, 9 days",2,2,187,6016.0,3961.0,836.0,1337.0,181.0,53.0,2022-04-19 08:30:00,9603360
1629752,Juwan Morgan,Celtics,Forward,200.66,105.235,USA,1997-04-17,"25 years, 0 months, 2 days",2,Undrafted,52,313.0,76.0,61.0,16.0,5.0,3.0,2022-04-20 07:00:00,19186
202693,Markieff Morris,Heat,Forward,205.74,111.132,USA,1989-09-02,"32 years, 7 months, 17 days",10,13,715,17725.0,7822.0,3714.0,1153.0,578.0,369.0,2022-04-19 07:30:00,2641691
1628420,Monte Morris,Nuggets,Guard,187.96,83.009,USA,1995-06-27,"26 years, 9 months, 23 days",4,51,280,7067.0,2947.0,655.0,1042.0,221.0,48.0,2022-04-18 10:00:00,8333333
1630530,Trey Murphy III,Pelicans,Forward,203.2,93.442,USA,2000-06-18,"21 years, 10 months, 1 days",0,17,62,864.0,334.0,147.0,38.0,23.0,7.0,2022-04-19 10:00:00,3053760
1627749,Dejounte Murray,Spurs,Guard,193.04,81.648,USA,1996-09-19,"25 years, 7 months, 0 days",4,29,320,8257.0,3993.0,1920.0,1540.0,455.0,84.0,Empty,15428571
1627750,Jamal Murray,Nuggets,Guard,190.5,97.524,Canada,1997-02-23,"25 years, 1 months, 27 days",5,7,345,10384.0,5639.0,1258.0,1322.0,328.0,109.0,2022-04-18 10:00:00,31590000
203488,Mike Muscala,Thunder,Forward,208.28,108.864,USA,1991-07-01,"30 years, 9 months, 18 days",8,44,432,6695.0,2666.0,1371.0,378.0,150.0,211.0,Empty,3500000
1629004,Svi Mykhailiuk,Raptors,Guard,200.66,92.988,Ukraine,1997-06-10,"24 years, 10 months, 9 days",3,47,220,3746.0,1451.0,395.0,298.0,132.0,21.0,2022-04-18 07:30:00,1729217
1626204,Larry Nance Jr.,Pelicans,Forward,200.66,111.132,USA,1993-01-01,"29 years, 3 months, 18 days",6,27,396,9527.0,3210.0,2577.0,747.0,484.0,199.0,2022-04-19 10:00:00,10690909
1630612,RJ Nembhard Jr.,Cavaliers,Guard,193.04,90.72,USA,1999-03-22,"23 years, 0 months, 28 days",0,Undrafted,14,63.0,15.0,7.0,12.0,1.0,0.0,Empty,58493
1630174,Aaron Nesmith,Celtics,Guard,195.58,97.524,USA,1999-10-16,"22 years, 6 months, 3 days",1,14,98,1243.0,414.0,216.0,45.0,35.0,14.0,2022-04-20 07:00:00,3631200
203526,Raul Neto,Wizards,Guard,187.96,81.648,Brazil,1992-05-19,"29 years, 11 months, 0 days",6,47,387,6259.0,2313.0,612.0,834.0,262.0,30.0,Empty,2089448
1627777,Georges Niang,76ers,Forward,200.66,104.328,USA,1993-06-17,"28 years, 10 months, 2 days",5,50,305,4455.0,1857.0,619.0,248.0,88.0,32.0,2022-04-18 07:30:00,3300000
1630227,Daishen Nix,Rockets,Guard,193.04,102.514,USA,2002-02-13,"20 years, 2 months, 6 days",0,Undrafted,24,261.0,77.0,33.0,40.0,15.0,0.0,Empty,292466
1630192,Zeke Nnaji,Nuggets,Forward,205.74,108.864,USA,2001-01-09,"21 years, 3 months, 10 days",1,22,83,1095.0,406.0,212.0,27.0,24.0,17.0,2022-04-18 10:00:00,2498760
203457,Nerlens Noel,Knicks,Center,210.82,99.792,USA,1994-04-10,"28 years, 0 months, 9 days",7,6,450,10086.0,3303.0,2788.0,491.0,572.0,673.0,Empty,8800000
1629669,Jaylen Nowell,Timberwolves,Guard,193.04,91.174,USA,1999-07-09,"22 years, 9 months, 10 days",2,43,119,1885.0,963.0,231.0,211.0,52.0,23.0,2022-04-19 08:30:00,1782621
1628373,Frank Ntilikina,Mavericks,Guard,193.04,90.72,France,1998-07-28,"23 years, 8 months, 22 days",4,8,269,4803.0,1395.0,495.0,631.0,194.0,59.0,2022-04-18 08:30:00,1789256
1629134,Kendrick Nunn,Lakers,Guard,187.96,86.184,USA,1995-08-03,"26 years, 8 months, 16 days",2,Undrafted,123,3613.0,1840.0,359.0,368.0,108.0,29.0,Empty,5000000
203994,Jusuf Nurkic,Trail Blazers,Center,210.82,131.544,Bosnia and Herzegovina,1994-08-23,"27 years, 7 months, 27 days",7,16,411,9815.0,5015.0,3513.0,903.0,372.0,489.0,Empty,12000000
1628021,David Nwaba,Rockets,Guard,195.58,99.338,USA,1993-01-14,"29 years, 3 months, 5 days",5,Undrafted,237,4583.0,1622.0,866.0,246.0,177.0,106.0,Empty,4650000
1629670,Jordan Nwora,Bucks,Forward,203.2,102.06,USA,1998-09-09,"23 years, 7 months, 10 days",1,45,92,1459.0,658.0,281.0,66.0,42.0,25.0,2022-04-20 09:30:00,1517981
1626220,Royce O'Neale,Jazz,Forward,195.58,102.514,USA,1993-06-05,"28 years, 10 months, 14 days",4,Undrafted,370,9516.0,2285.0,1763.0,771.0,292.0,136.0,2022-04-18 08:30:00,8678571
1629643,Chuma Okeke,Magic,Forward,198.12,103.874,USA,1998-08-18,"23 years, 8 months, 1 days",1,16,115,2881.0,954.0,528.0,219.0,145.0,64.0,Empty,3277080
1629006,Josh Okogie,Timberwolves,Guard,193.04,96.617,Nigeria,1998-09-01,"23 years, 7 months, 18 days",3,20,244,5017.0,1552.0,712.0,278.0,236.0,99.0,2022-04-19 08:30:00,4087904
1630168,Onyeka Okongwu,Hawks,Forward,203.2,108.864,USA,2000-12-11,"21 years, 4 months, 8 days",1,6,98,1593.0,620.0,446.0,71.0,54.0,93.0,2022-04-19 07:30:00,6104280
1630171,Isaac Okoro,Cavaliers,Forward,195.58,102.06,USA,2001-01-26,"21 years, 2 months, 24 days",1,5,134,4154.0,1234.0,407.0,249.0,118.0,46.0,Empty,6720720
203506,Victor Oladipo,Heat,Guard,193.04,96.617,USA,1992-05-04,"29 years, 11 months, 15 days",8,2,462,15141.0,8054.0,2117.0,1824.0,748.0,218.0,2022-04-19 07:30:00,2389641
203482,Kelly Olynyk,Pistons,Forward,210.82,108.864,Canada,1991-04-19,"31 years, 0 months, 0 days",8,13,610,13409.0,6146.0,3087.0,1248.0,465.0,284.0,Empty,12195122
1626224,Cedi Osman,Cavaliers,Forward,200.66,104.328,Turkey,1995-04-08,"27 years, 0 months, 11 days",4,31,327,7999.0,3269.0,1055.0,699.0,241.0,49.0,Empty,8050000
1626162,Kelly Oubre Jr.,Hornets,Forward,198.12,92.081,USA,1995-12-09,"26 years, 4 months, 10 days",6,15,479,12062.0,5769.0,2074.0,484.0,449.0,231.0,Empty,12000000
1629672,Eric Paschall,Jazz,Forward,198.12,115.668,USA,1996-11-04,"25 years, 5 months, 15 days",2,41,158,3085.0,1552.0,509.0,214.0,53.0,25.0,2022-04-18 08:30:00,1782621
101108,Chris Paul,Suns,Guard,182.88,79.38,USA,1985-05-06,"36 years, 11 months, 13 days",16,4,1155,39896.0,20936.0,5206.0,10977.0,2453.0,172.0,2022-04-19 10:00:00,30800000
1626166,Cameron Payne,Suns,Guard,185.42,83.009,USA,1994-08-08,"27 years, 8 months, 11 days",6,14,279,4994.0,2132.0,624.0,905.0,188.0,63.0,2022-04-19 10:00:00,6500000
203901,Elfrid Payton,Suns,Guard,190.5,88.452,USA,1994-02-22,"28 years, 1 months, 28 days",7,10,500,13384.0,5036.0,2007.0,2867.0,588.0,151.0,2022-04-19 10:00:00,2239544
1627780,Gary Payton II,Warriors,Guard,190.5,88.452,USA,1992-12-01,"29 years, 4 months, 18 days",5,Undrafted,142,2056.0,740.0,396.0,151.0,148.0,38.0,2022-04-18 10:00:00,1939350
203486,Mason Plumlee,Hornets,Forward,210.82,115.214,USA,1990-03-05,"32 years, 1 months, 14 days",8,22,661,14768.0,5484.0,4378.0,1611.0,503.0,592.0,Empty,8137500
1627751,Jakob Poeltl,Spurs,Center,215.9,111.132,Austria,1995-10-15,"26 years, 6 months, 4 days",5,9,416,8409.0,3035.0,2524.0,601.0,214.0,524.0,Empty,8750000
1630197,Aleksej Pokusevski,Thunder,Forward,213.36,86.184,Serbia,2001-12-26,"20 years, 3 months, 24 days",1,17,106,2323.0,831.0,530.0,228.0,59.0,80.0,Empty,3113160
1629673,Jordan Poole,Warriors,Guard,193.04,87.998,USA,1999-06-19,"22 years, 10 months, 0 days",2,28,184,4545.0,2520.0,470.0,537.0,121.0,42.0,2022-04-18 10:00:00,2161440
1629645,Kevin Porter Jr.,Rockets,Guard,193.04,92.081,USA,2000-05-04,"21 years, 11 months, 15 days",2,30,137,3904.0,1878.0,528.0,649.0,134.0,44.0,Empty,2130240
1629008,Michael Porter Jr.,Nuggets,Forward,208.28,98.885,USA,1998-06-29,"23 years, 9 months, 21 days",2,14,125,3081.0,1763.0,763.0,133.0,77.0,81.0,2022-04-18 10:00:00,5258735
203490,Otto Porter Jr.,Warriors,Forward,203.2,89.813,USA,1993-06-03,"28 years, 10 months, 16 days",8,3,504,13080.0,5336.0,2551.0,767.0,570.0,216.0,2022-04-18 10:00:00,2389641
1626171,Bobby Portis,Bucks,Forward,208.28,113.4,USA,1995-02-10,"27 years, 2 months, 9 days",6,22,453,9837.0,5021.0,2995.0,537.0,263.0,171.0,2022-04-20 09:30:00,4347600
204001,Kristaps Porzingis,Wizards,Forward,220.98,108.864,Latvia,1995-08-02,"26 years, 8 months, 17 days",5,4,337,10385.0,6371.0,2649.0,537.0,234.0,635.0,Empty,31650600
203939,Dwight Powell,Mavericks,Forward,208.28,108.864,Canada,1991-07-20,"30 years, 8 months, 30 days",7,45,511,9720.0,3926.0,2349.0,524.0,324.0,242.0,2022-04-18 08:30:00,11000000
1626181,Norman Powell,Clippers,Guard,190.5,97.524,USA,1993-05-25,"28 years, 10 months, 25 days",6,46,421,9424.0,4776.0,1088.0,625.0,341.0,113.0,Empty,15517242
1630563,Joshua Primo,Spurs,Guard,193.04,85.73,Canada,2002-12-24,"19 years, 3 months, 26 days",0,12,50,965.0,288.0,113.0,81.0,20.0,23.0,Empty,3946800
1627752,Taurean Prince,Timberwolves,Forward,198.12,98.885,USA,1994-03-22,"28 years, 0 months, 28 days",5,12,370,8937.0,3899.0,1442.0,647.0,313.0,159.0,2022-04-19 08:30:00,15057692
1630202,Payton Pritchard,Celtics,Guard,185.42,88.452,USA,1998-01-28,"24 years, 2 months, 22 days",1,26,137,2269.0,952.0,292.0,259.0,62.0,15.0,2022-04-20 07:00:00,2137440
1630193,Immanuel Quickley,Knicks,Guard,190.5,86.184,USA,1999-06-17,"22 years, 10 months, 2 days",1,25,142,3046.0,1613.0,384.0,402.0,84.0,15.0,Empty,2210640
203944,Julius Randle,Knicks,Forward,203.2,113.4,USA,1994-11-29,"27 years, 4 months, 21 days",7,7,518,16145.0,9191.0,4815.0,1842.0,365.0,235.0,Empty,19800000
1630559,Austin Reaves,Lakers,Guard,195.58,89.359,USA,1998-05-29,"23 years, 10 months, 21 days",0,Undrafted,61,1418.0,444.0,193.0,110.0,29.0,20.0,Empty,925258
1629629,Cam Reddish,Knicks,Forward,203.2,98.431,USA,1999-09-01,"22 years, 7 months, 18 days",2,10,133,3313.0,1399.0,425.0,170.0,142.0,52.0,Empty,4670160
1630194,Paul Reed,76ers,Forward,205.74,95.256,USA,1999-06-14,"22 years, 10 months, 5 days",1,58,64,480.0,204.0,153.0,28.0,43.0,27.0,2022-04-18 07:30:00,1517981
1629675,Naz Reid,Timberwolves,Center,205.74,119.75,USA,1999-08-26,"22 years, 7 months, 24 days",2,Undrafted,177,3057.0,1690.0,747.0,178.0,93.0,169.0,2022-04-19 08:30:00,1782621
1630208,Nick Richards,Hornets,Center,213.36,111.132,Jamaica,1997-11-29,"24 years, 4 months, 21 days",1,42,68,430.0,165.0,97.0,15.0,9.0,21.0,Empty,1517981
1626196,Josh Richardson,Spurs,Guard,195.58,90.72,USA,1993-09-15,"28 years, 7 months, 4 days",6,40,438,13033.0,5270.0,1377.0,1172.0,465.0,262.0,Empty,11615328
203085,Austin Rivers,Nuggets,Guard,193.04,90.72,USA,1992-08-01,"29 years, 8 months, 18 days",9,10,655,15840.0,5741.0,1359.0,1438.0,466.0,108.0,2022-04-18 10:00:00,2401537
1629130,Duncan Robinson,Heat,Forward,200.66,97.524,USA,1994-04-22,"27 years, 11 months, 28 days",3,Undrafted,239,6631.0,2838.0,704.0,363.0,125.0,53.0,2022-04-19 07:30:00,15560000
1629011,Mitchell Robinson,Knicks,Center,213.36,108.864,USA,1998-04-01,"24 years, 0 months, 18 days",3,36,230,5473.0,1941.0,1720.0,128.0,197.0,458.0,Empty,1802057
1630526,Jeremiah Robinson-Earl,Thunder,Forward,203.2,109.771,USA,2000-11-03,"21 years, 5 months, 16 days",0,32,49,1087.0,366.0,274.0,49.0,29.0,15.0,Empty,2000000
1629676,Isaiah Roby,Thunder,Forward,203.2,104.328,USA,1998-02-03,"24 years, 2 months, 16 days",2,45,109,2385.0,987.0,560.0,178.0,88.0,71.0,Empty,1782621
200765,Rajon Rondo,Cavaliers,Guard,185.42,81.648,USA,1986-02-22,"36 years, 1 months, 28 days",15,21,957,28570.0,9337.0,4349.0,7584.0,1518.0,125.0,Empty,2641691
201565,Derrick Rose,Knicks,Guard,187.96,90.72,USA,1988-10-04,"33 years, 6 months, 15 days",12,1,672,21315.0,12230.0,2239.0,3646.0,521.0,235.0,Empty,13445120
203082,Terrence Ross,Magic,Guard,198.12,93.442,USA,1991-02-05,"31 years, 2 months, 14 days",9,8,670,16627.0,7525.0,1907.0,841.0,552.0,221.0,Empty,12500000
1626179,Terry Rozier,Hornets,Guard,185.42,86.184,USA,1994-03-17,"28 years, 1 months, 2 days",6,16,477,12440.0,6039.0,1866.0,1509.0,440.0,113.0,Empty,17905263
201937,Ricky Rubio,Pacers,Guard,187.96,86.184,Spain,1990-10-21,"31 years, 5 months, 29 days",10,5,665,20128.0,7399.0,2760.0,5045.0,1200.0,88.0,Empty,17809524
1626156,D'Angelo Russell,Timberwolves,Guard,193.04,87.545,USA,1996-02-23,"26 years, 1 months, 27 days",6,2,424,12476.0,7504.0,1503.0,2370.0,471.0,119.0,2022-04-19 08:30:00,30013500
1627734,Domantas Sabonis,Kings,Forward,210.82,108.864,Lithuania,1996-05-03,"25 years, 11 months, 16 days",5,11,415,11806.0,5961.0,3815.0,1493.0,309.0,184.0,Empty,18562500
203967,Dario Saric,Suns,Forward,208.28,102.06,Croatia,1994-04-08,"28 years, 0 months, 11 days",5,12,356,8964.0,4180.0,2086.0,699.0,220.0,79.0,2022-04-19 10:00:00,9000000
203107,Tomas Satoransky,Wizards,Guard,200.66,95.256,Czech Republic,1991-10-30,"30 years, 5 months, 20 days",5,32,388,8616.0,2676.0,1117.0,1586.0,309.0,60.0,Empty,10468119
203471,Dennis Schroder,Rockets,Guard,185.42,78.019,Germany,1993-09-15,"28 years, 7 months, 4 days",8,17,621,16448.0,8806.0,1829.0,2907.0,515.0,82.0,Empty,5890000
1630578,Alperen Sengun,Rockets,Center,208.28,110.225,Turkey,2002-07-25,"19 years, 8 months, 25 days",0,16,72,1489.0,692.0,393.0,185.0,59.0,68.0,Empty,3214680
1629012,Collin Sexton,Cavaliers,Guard,185.42,86.184,USA,1999-01-04,"23 years, 3 months, 15 days",3,8,218,7179.0,4356.0,663.0,720.0,181.0,23.0,Empty,6349671
1629013,Landry Shamet,Suns,Guard,193.04,86.184,USA,1997-03-13,"25 years, 1 months, 6 days",3,26,262,6094.0,2354.0,472.0,423.0,116.0,39.0,2022-04-19 10:00:00,3768342
1630549,Day'Ron Sharpe,Nets,Forward,205.74,120.204,USA,2001-11-06,"20 years, 5 months, 13 days",0,29,32,391.0,198.0,160.0,17.0,10.0,15.0,2022-04-20 07:00:00,2009040
1627783,Pascal Siakam,Raptors,Forward,203.2,104.328,Cameroon,1994-04-02,"28 years, 0 months, 17 days",5,27,400,11780.0,6290.0,2522.0,1241.0,371.0,271.0,2022-04-18 07:30:00,31320000
1627732,Ben Simmons,Nets,Guard,210.82,108.864,Australia,1996-07-20,"25 years, 8 months, 30 days",4,1,275,9326.0,4382.0,2217.0,2127.0,464.0,199.0,2022-04-20 07:00:00,31590000
1630250,Marko Simonovic,Bulls,Center,210.82,99.792,Montenegro,1999-10-15,"22 years, 6 months, 4 days",0,44,9,35.0,17.0,10.0,0.0,1.0,1.0,2022-04-20 09:30:00,925258
1629014,Anfernee Simons,Trail Blazers,Guard,190.5,82.102,USA,1999-06-08,"22 years, 10 months, 11 days",3,24,211,4375.0,2144.0,456.0,420.0,75.0,24.0,Empty,3938818
203935,Marcus Smart,Celtics,Guard,193.04,99.792,USA,1994-03-06,"28 years, 1 months, 13 days",7,6,520,15484.0,5438.0,1866.0,2318.0,821.0,191.0,2022-04-20 07:00:00,14339285
202397,Ish Smith,Wizards,Guard,182.88,79.38,USA,1988-07-05,"33 years, 9 months, 14 days",11,Undrafted,719,14354.0,5465.0,1790.0,2799.0,518.0,186.0,Empty,4500000
1630188,Jalen Smith,Pacers,Forward,208.28,97.524,USA,2000-03-16,"22 years, 1 months, 3 days",1,10,78,1080.0,523.0,344.0,28.0,16.0,45.0,Empty,4458000
1630270,Xavier Sneed,Jazz,Forward,195.58,97.524,USA,1997-12-21,"24 years, 3 months, 29 days",0,Undrafted,9,39.0,5.0,6.0,1.0,0.0,0.0,2022-04-18 08:30:00,1563518
203503,Tony Snell,Pelicans,Guard,198.12,96.617,USA,1991-11-10,"30 years, 5 months, 9 days",8,20,601,13092.0,3672.0,1371.0,669.0,266.0,138.0,2022-04-19 10:00:00,2389641
1630531,Jaden Springer,76ers,Guard,193.04,91.627,USA,2002-09-25,"19 years, 6 months, 25 days",0,28,2,6.0,2.0,2.0,0.0,0.0,2.0,2022-04-18 07:30:00,2023800
202362,Lance Stephenson,Pacers,Forward,195.58,95.256,USA,1990-09-05,"31 years, 7 months, 14 days",9,40,554,12681.0,4738.0,2251.0,1621.0,357.0,76.0,Empty,924730
1630205,Lamar Stevens,Cavaliers,Forward,198.12,104.328,USA,1997-07-09,"24 years, 9 months, 10 days",1,Undrafted,103,1514.0,548.0,260.0,69.0,48.0,31.0,Empty,1517981
1630191,Isaiah Stewart,Pistons,Forward,203.2,113.4,USA,2001-05-22,"20 years, 10 months, 28 days",1,16,139,3270.0,1126.0,1070.0,141.0,61.0,164.0,Empty,3277080
1629622,Max Strus,Heat,Guard,195.58,97.524,USA,1996-03-28,"26 years, 0 months, 22 days",2,Undrafted,109,2100.0,962.0,244.0,116.0,39.0,18.0,2022-04-19 07:30:00,1669178
1630591,Jalen Suggs,Magic,Guard,195.58,92.988,USA,2001-06-03,"20 years, 10 months, 16 days",0,5,48,1307.0,564.0,171.0,209.0,59.0,19.0,Empty,6593040
1630256,Jae'Sean Tate,Rockets,Forward,193.04,104.328,USA,1995-10-28,"26 years, 5 months, 22 days",1,Undrafted,148,4099.0,1713.0,794.0,400.0,157.0,77.0,Empty,1517981
1628369,Jayson Tatum,Celtics,Forward,203.2,95.256,USA,1998-03-03,"24 years, 1 months, 16 days",4,3,365,12183.0,7640.0,2420.0,1106.0,410.0,252.0,2022-04-20 07:00:00,28103550
1630678,Terry Taylor,Pacers,Forward,195.58,104.328,USA,1999-09-23,"22 years, 6 months, 27 days",0,Undrafted,33,714.0,318.0,172.0,41.0,14.0,8.0,Empty,21270
202066,Garrett Temple,Pelicans,Guard,195.58,88.452,USA,1986-05-08,"35 years, 11 months, 11 days",11,Undrafted,691,14785.0,4391.0,1620.0,1188.0,572.0,234.0,2022-04-19 10:00:00,4910000
1630179,Tyrell Terry,Grizzlies,Guard,187.96,72.576,USA,2000-09-28,"21 years, 6 months, 22 days",1,31,13,59.0,13.0,6.0,6.0,5.0,0.0,2022-04-19 08:30:00,1517981
1628464,Daniel Theis,Celtics,Forward,205.74,111.132,Germany,1992-04-04,"30 years, 0 months, 15 days",4,Undrafted,306,5988.0,2317.0,1509.0,384.0,149.0,262.0,2022-04-20 07:00:00,8372093
1630560,Cam Thomas,Nets,Guard,190.5,95.256,Japan,2001-10-13,"20 years, 6 months, 6 days",0,27,67,1176.0,570.0,161.0,78.0,33.0,8.0,2022-04-20 07:00:00,2036280
202738,Isaiah Thomas,Hornets,Guard,175.26,83.916,USA,1989-02-07,"33 years, 2 months, 12 days",10,60,550,15563.0,9715.0,1320.0,2638.0,472.0,61.0,Empty,276039
1629744,Matt Thomas,Bulls,Guard,190.5,86.184,USA,1994-08-04,"27 years, 8 months, 15 days",2,Undrafted,126,1226.0,502.0,155.0,61.0,22.0,4.0,2022-04-20 09:30:00,1669178
202691,Klay Thompson,Warriors,Guard,198.12,99.792,USA,1990-02-08,"32 years, 2 months, 11 days",8,11,647,21279.0,12647.0,2255.0,1504.0,577.0,349.0,2022-04-18 10:00:00,37980720
202684,Tristan Thompson,Bulls,Center,205.74,115.214,Canada,1991-03-13,"31 years, 1 months, 6 days",10,4,730,19556.0,6592.0,6120.0,725.0,364.0,501.0,2022-04-20 09:30:00,10720900
1630550,JT Thor,Hornets,Forward,205.74,92.081,USA,2002-08-26,"19 years, 7 months, 24 days",0,37,33,262.0,67.0,43.0,19.0,8.0,11.0,Empty,1250000
1629680,Matisse Thybulle,76ers,Guard,195.58,91.174,USA,1997-03-04,"25 years, 1 months, 15 days",2,20,196,4271.0,939.0,382.0,217.0,313.0,189.0,2022-04-18 07:30:00,2840160
1629681,Killian Tillie,Grizzlies,Forward,205.74,99.792,France,1998-03-05,"24 years, 1 months, 14 days",1,Undrafted,54,642.0,175.0,84.0,30.0,28.0,23.0,2022-04-19 08:30:00,2000000
1630225,Isaiah Todd,Wizards,Forward,205.74,99.338,USA,2001-10-17,"20 years, 6 months, 2 days",0,31,12,74.0,20.0,12.0,4.0,4.0,2.0,Empty,1500000
1630167,Obi Toppin,Knicks,Forward,205.74,99.792,USA,1998-03-04,"24 years, 1 months, 15 days",1,8,134,1913.0,901.0,406.0,106.0,42.0,48.0,Empty,5105160
1629308,Juan Toscano-Anderson,Warriors,Forward,198.12,94.802,USA,1993-04-10,"29 years, 0 months, 9 days",2,Undrafted,139,2374.0,668.0,463.0,303.0,102.0,48.0,2022-04-18 10:00:00,1701593
1626157,Karl-Anthony Towns,Timberwolves,Center,210.82,112.493,USA,1995-11-15,"26 years, 5 months, 4 days",6,1,482,16471.0,11170.0,5465.0,1486.0,389.0,663.0,2022-04-19 08:30:00,31610000
1629018,Gary Trent Jr.,Raptors,Guard,195.58,94.802,USA,1999-01-18,"23 years, 3 months, 1 days",3,37,204,5692.0,2752.0,454.0,287.0,227.0,47.0,2022-04-18 07:30:00,16000000
200782,P.J. Tucker,Heat,Forward,195.58,111.132,USA,1985-05-05,"36 years, 11 months, 14 days",10,35,777,22530.0,5536.0,4390.0,1149.0,887.0,240.0,2022-04-19 07:30:00,7000000
1629730,Rayjon Tucker,Bucks,Guard,190.5,94.802,USA,1997-09-24,"24 years, 6 months, 26 days",2,Undrafted,39,300.0,117.0,39.0,21.0,7.0,1.0,2022-04-20 09:30:00,28779
1626167,Myles Turner,Pacers,Center,210.82,113.4,USA,1996-03-24,"26 years, 0 months, 26 days",6,11,431,12379.0,5485.0,2879.0,513.0,311.0,984.0,Empty,18000000
202685,Jonas Valanciunas,Pelicans,Center,210.82,120.204,Lithuania,1992-05-06,"29 years, 11 months, 13 days",9,5,695,18141.0,9319.0,6571.0,824.0,290.0,702.0,2022-04-19 10:00:00,14000000
1627832,Fred VanVleet,Raptors,Guard,185.42,89.359,USA,1994-02-25,"28 years, 1 months, 25 days",5,Undrafted,348,9863.0,4755.0,1105.0,1704.0,439.0,131.0,2022-04-18 07:30:00,19675926
1629020,Jarred Vanderbilt,Timberwolves,Forward,205.74,97.07,USA,1999-04-03,"23 years, 0 months, 16 days",3,41,166,3136.0,892.0,1024.0,175.0,172.0,94.0,2022-04-19 08:30:00,4259259
1630170,Devin Vassell,Spurs,Guard,195.58,90.72,USA,2000-08-23,"21 years, 7 months, 27 days",1,11,133,2993.0,1213.0,480.0,192.0,119.0,59.0,Empty,4235160
1629216,Gabe Vincent,Heat,Guard,190.5,90.72,USA,1996-06-14,"25 years, 10 months, 5 days",2,Undrafted,127,2327.0,855.0,187.0,283.0,88.0,14.0,2022-04-19 07:30:00,1669178
202696,Nikola Vucevic,Bulls,Center,208.28,117.936,Montenegro,1990-10-24,"31 years, 5 months, 26 days",10,16,741,22869.0,12553.0,7731.0,2037.0,650.0,675.0,2022-04-20 09:30:00,24000000
1629731,Dean Wade,Cavaliers,Forward,205.74,103.421,USA,1996-11-20,"25 years, 4 months, 30 days",2,Undrafted,126,2264.0,665.0,384.0,128.0,66.0,32.0,Empty,1782621
1630532,Franz Wagner,Magic,Forward,208.28,99.792,Germany,2001-08-27,"20 years, 7 months, 23 days",0,8,79,2429.0,1197.0,356.0,231.0,68.0,34.0,Empty,5007840
1629021,Moritz Wagner,Magic,Forward,210.82,111.132,Germany,1997-04-26,"24 years, 11 months, 24 days",3,25,196,2963.0,1474.0,682.0,217.0,85.0,63.0,Empty,1729217
1630688,Ish Wainright,Suns,Forward,195.58,113.4,USA,1994-09-12,"27 years, 7 months, 7 days",0,Undrafted,45,359.0,108.0,54.0,15.0,20.0,6.0,2022-04-19 10:00:00,8558
202689,Kemba Walker,Knicks,Guard,182.88,83.462,USA,1990-05-08,"31 years, 11 months, 11 days",10,9,741,24666.0,14414.0,2815.0,3919.0,921.0,280.0,Empty,34967442
1629022,Lonnie Walker IV,Spurs,Guard,193.04,92.534,USA,1998-12-14,"23 years, 4 months, 5 days",3,18,208,4240.0,1952.0,492.0,330.0,112.0,51.0,Empty,4447896
202322,John Wall,Rockets,Guard,190.5,95.256,USA,1990-09-06,"31 years, 7 months, 13 days",10,1,613,21832.0,11702.0,2612.0,5557.0,1018.0,427.0,Empty,44310840
203933,T.J. Warren,Pacers,Forward,203.2,99.792,USA,1993-09-05,"28 years, 7 months, 14 days",7,14,332,9554.0,5142.0,1372.0,397.0,327.0,168.0,Empty,12690000
1629023,P.J. Washington,Hornets,Forward,200.66,104.328,USA,1998-08-23,"23 years, 7 months, 27 days",2,12,187,5481.0,2202.0,1071.0,431.0,177.0,184.0,Empty,4215120
1630613,Duane Washington Jr.,Pacers,Guard,190.5,89.359,Germany,2000-03-24,"22 years, 0 months, 26 days",0,Undrafted,48,968.0,473.0,83.0,85.0,26.0,3.0,Empty,21270
1629139,Yuta Watanabe,Raptors,Guard,205.74,97.524,Japan,1994-10-13,"27 years, 6 months, 6 days",3,Undrafted,121,1447.0,456.0,302.0,74.0,46.0,37.0,2022-04-18 07:30:00,1762769
1630570,Trendon Watford,Trail Blazers,Forward,203.2,107.503,USA,2000-11-09,"21 years, 5 months, 10 days",0,Undrafted,48,869.0,364.0,199.0,81.0,25.0,28.0,Empty,260561
201566,Russell Westbrook,Lakers,Guard,190.5,90.72,USA,1988-11-12,"33 years, 5 months, 7 days",13,4,1021,35424.0,23298.0,7541.0,8611.0,1699.0,313.0,Empty,44211146
1629632,Coby White,Bulls,Guard,193.04,88.452,USA,2000-02-16,"22 years, 2 months, 3 days",2,7,195,5505.0,2672.0,696.0,679.0,116.0,32.0,2022-04-20 09:30:00,5837760
1628401,Derrick White,Celtics,Guard,193.04,86.184,USA,1994-07-02,"27 years, 9 months, 17 days",4,29,263,6806.0,3027.0,864.0,1006.0,205.0,203.0,2022-04-20 07:00:00,15178571
202355,Hassan Whiteside,Jazz,Center,213.36,120.204,USA,1989-06-13,"32 years, 10 months, 6 days",9,33,511,12646.0,6450.0,5523.0,326.0,271.0,1143.0,2022-04-18 08:30:00,2401537
1630580,Joe Wieskamp,Spurs,Guard,198.12,92.988,USA,1999-08-23,"22 years, 7 months, 27 days",0,41,29,205.0,61.0,14.0,9.0,4.0,3.0,Empty,202068
1630598,Aaron Wiggins,Thunder,Guard,193.04,86.184,USA,1999-01-02,"23 years, 3 months, 17 days",0,55,50,1209.0,416.0,178.0,68.0,30.0,10.0,Empty,1000000
203952,Andrew Wiggins,Warriors,Forward,200.66,89.359,Canada,1995-02-23,"27 years, 1 months, 27 days",7,1,598,20936.0,11519.0,2649.0,1393.0,595.0,399.0,2022-04-18 10:00:00,31579390
1629684,Grant Williams,Celtics,Forward,198.12,107.05,USA,1998-11-30,"23 years, 4 months, 20 days",2,22,209,4056.0,1133.0,630.0,210.0,100.0,117.0,2022-04-20 07:00:00,2617800
1629026,Kenrich Williams,Thunder,Guard,198.12,95.256,USA,1994-12-02,"27 years, 4 months, 17 days",3,Undrafted,200,4410.0,1304.0,898.0,400.0,171.0,67.0,Empty,2000000
101150,Lou Williams,Hawks,Guard,187.96,79.38,USA,1986-10-27,"35 years, 5 months, 23 days",16,45,1123,27102.0,15593.0,2484.0,3789.0,952.0,192.0,2022-04-19 07:30:00,5000000
1630172,Patrick Williams,Bulls,Forward,200.66,97.524,USA,2001-08-26,"20 years, 7 months, 24 days",1,4,88,2406.0,808.0,396.0,114.0,73.0,55.0,2022-04-20 09:30:00,7422000
1630533,Ziaire Williams,Grizzlies,Forward,205.74,83.916,USA,2001-09-12,"20 years, 7 months, 7 days",0,10,62,1346.0,501.0,129.0,65.0,35.0,12.0,2022-04-19 08:30:00,4373160
1629627,Zion Williamson,Pelicans,Forward,198.12,128.822,USA,2000-07-06,"21 years, 9 months, 13 days",2,1,85,2694.0,2187.0,591.0,276.0,73.0,48.0,2022-04-19 10:00:00,10733400
1629685,Dylan Windler,Cavaliers,Guard,198.12,88.906,USA,1996-09-22,"25 years, 6 months, 28 days",1,26,81,972.0,271.0,196.0,67.0,33.0,15.0,Empty,2239200
1626159,Justise Winslow,Trail Blazers,Forward,198.12,100.699,USA,1996-03-26,"26 years, 0 months, 24 days",6,10,315,8131.0,2633.0,1615.0,792.0,277.0,126.0,Empty,3902439
1630164,James Wiseman,Warriors,Center,213.36,108.864,USA,2001-03-31,"21 years, 0 months, 19 days",1,2,39,836.0,448.0,226.0,26.0,11.0,36.0,2022-04-18 10:00:00,9166800
1626174,Christian Wood,Rockets,Forward,205.74,97.07,USA,1995-09-27,"26 years, 6 months, 23 days",5,Undrafted,222,5246.0,3156.0,1621.0,299.0,137.0,190.0,Empty,13666667
1630218,Robert Woodard II,Spurs,Forward,198.12,106.596,USA,1999-09-22,"22 years, 6 months, 28 days",1,40,25,88.0,27.0,27.0,5.0,1.0,4.0,Empty,1517981
1626153,Delon Wright,Hawks,Guard,195.58,83.916,USA,1992-04-26,"29 years, 11 months, 24 days",6,20,411,8577.0,2952.0,1318.0,1246.0,474.0,148.0,2022-04-19 07:30:00,8526316
201152,Thaddeus Young,Raptors,Forward,203.2,106.596,USA,1988-06-21,"33 years, 9 months, 29 days",14,12,1085,31778.0,13848.0,6345.0,2003.0,1535.0,448.0,2022-04-18 07:30:00,14190000
1629027,Trae Young,Hawks,Guard,185.42,74.39,USA,1998-09-19,"23 years, 7 months, 0 days",3,5,280,9400.0,7076.0,1085.0,2544.0,262.0,42.0,2022-04-19 07:30:00,8326471
1630209,Omer Yurtseven,Heat,Center,210.82,124.74,Turkey,1998-06-19,"23 years, 10 months, 0 days",0,Undrafted,56,706.0,299.0,294.0,49.0,17.0,20.0,2022-04-19 07:30:00,1489065
1627826,Ivica Zubac,Clippers,Center,213.36,108.864,Croatia,1997-03-18,"25 years, 1 months, 1 days",5,32,360,6844.0,3001.0,2350.0,410.0,112.0,304.0,Empty,7518518
