,PLAYER_ID,LEAGUE_ID,Team_ID,GP,GS,MIN,FGM,FGA,FG_PCT,FG3M,FG3A,FG3_PCT,FTM,FTA,FT_PCT,OREB,DREB,REB,AST,STL,BLK,TOV,PF,PTS
0,1630173,00,0,134,32,18.4,2.9,6.2,0.468,0.4,1.2,0.357,1.0,1.8,0.556,1.6,3.4,5.1,0.8,0.4,0.5,0.9,1.8,7.2
1,203500,00,0,664,599,17811.0,2556.0,4356.0,0.586776,1.0,14.0,0.071428,1044.0,1907.0,0.547456,2385.0,2918.0,5303.0,982.0,588.0,629.0,950.0,1650.0,6157.0
2,1628389,00,0,343,239,9666.0,1756.0,3145.0,0.558346,7.0,50.0,0.14,1098.0,1481.0,0.74139,738.0,2112.0,2850.0,1189.0,340.0,309.0,708.0,839.0,4617.0
3,1630583,00,0,32,0,360.0,53.0,132.0,0.401515,6.0,48.0,0.125,20.0,32.0,0.625,33.0,54.0,87.0,21.0,6.0,10.0,16.0,36.0,132.0
4,200746,00,0,1076,997,36242.0,8311.0,16872.0,0.492591,227.0,710.0,0.319718,3709.0,4563.0,0.812842,2776.0,5960.0,8736.0,2076.0,758.0,1187.0,1643.0,2598.0,20558.0
5,1629638,00,0,158,35,3064.0,543.0,1404.0,0.386752,227.0,690.0,0.328985,154.0,212.0,0.726415,59.0,356.0,415.0,347.0,110.0,53.0,216.0,248.0,1467.0
6,1628960,00,0,192,101,4199.0,612.0,1412.0,0.433427,355.0,903.0,0.393133,227.0,270.0,0.84074,62.0,428.0,490.0,285.0,108.0,34.0,157.0,267.0,1806.0
7,1628386,00,0,341,276,9062.0,1538.0,2457.0,0.625966,18.0,95.0,0.189473,851.0,1218.0,0.698686,939.0,2025.0,2964.0,467.0,187.0,465.0,456.0,686.0,3945.0
8,1630631,00,0,54,1,834.0,131.0,294.0,0.445578,32.0,110.0,0.290909,36.0,53.0,0.679245,25.0,75.0,100.0,152.0,71.0,7.0,40.0,73.0,330.0
9,203937,00,0,505,248,10584.0,1317.0,2765.0,0.476311,212.0,634.0,0.334384,520.0,731.0,0.711354,374.0,1846.0,2220.0,1167.0,510.0,298.0,483.0,753.0,3366.0
10,203507,00,0,656,591,21354.0,5188.0,9702.0,0.534735,447.0,1550.0,0.288387,3498.0,4873.0,0.717832,1119.0,5030.0,6149.0,3020.0,764.0,856.0,1884.0,1969.0,14321.0
11,203648,00,0,127,11,1159.0,164.0,317.0,0.51735,9.0,54.0,0.166666,61.0,112.0,0.544642,106.0,144.0,250.0,83.0,45.0,24.0,81.0,162.0,398.0
12,2546,00,0,1260,1120,43514.0,10119.0,22643.0,0.446893,1731.0,4873.0,0.355222,6320.0,7764.0,0.814013,1983.0,5825.0,7808.0,3422.0,1223.0,644.0,3052.0,3543.0,28289.0
13,1630175,00,0,112,99,3332.0,576.0,1464.0,0.393442,190.0,563.0,0.337477,325.0,384.0,0.846354,70.0,499.0,569.0,561.0,76.0,35.0,276.0,269.0,1667.0
14,1628384,00,0,301,227,8061.0,1190.0,2532.0,0.469984,448.0,1205.0,0.371784,316.0,446.0,0.70852,310.0,936.0,1246.0,429.0,331.0,138.0,334.0,682.0,3144.0
15,1627853,00,0,217,36,3722.0,349.0,808.0,0.43193,173.0,462.0,0.374458,134.0,166.0,0.807228,53.0,376.0,429.0,460.0,115.0,7.0,126.0,337.0,1005.0
16,201571,00,0,976,334,22852.0,2994.0,7270.0,0.411829,1262.0,3311.0,0.381153,2009.0,2317.0,0.867069,292.0,1513.0,1805.0,3761.0,567.0,32.0,1428.0,1350.0,9259.0
17,1630166,00,0,136,40,3241.0,380.0,891.0,0.426487,135.0,427.0,0.316159,132.0,181.0,0.729281,74.0,613.0,687.0,230.0,91.0,59.0,120.0,330.0,1027.0
18,1629028,00,0,236,229,7246.0,1691.0,2822.0,0.59922,14.0,56.0,0.25,447.0,593.0,0.753794,747.0,1738.0,2485.0,380.0,168.0,246.0,400.0,664.0,3843.0
19,1628962,00,0,32,6,252.0,41.0,58.0,0.706896,0.0,0.0,0.0,14.0,21.0,0.666666,22.0,62.0,84.0,0.0,2.0,15.0,15.0,34.0,96.0
20,1628963,00,0,166,77,4159.0,906.0,1809.0,0.500829,94.0,323.0,0.291021,350.0,528.0,0.662878,402.0,822.0,1224.0,151.0,82.0,110.0,214.0,356.0,2256.0
21,1630163,00,0,126,106,3891.0,831.0,1926.0,0.431464,312.0,826.0,0.377723,337.0,408.0,0.82598,171.0,632.0,803.0,884.0,200.0,48.0,390.0,373.0,2311.0
22,1628366,00,0,252,239,8187.0,1117.0,2790.0,0.400358,595.0,1633.0,0.36436,166.0,287.0,0.578397,262.0,1185.0,1447.0,1563.0,391.0,162.0,637.0,547.0,2995.0
23,1628964,00,0,226,75,4193.0,687.0,1447.0,0.474775,203.0,576.0,0.35243,170.0,248.0,0.685483,388.0,984.0,1372.0,201.0,88.0,326.0,198.0,487.0,1747.0
24,1630217,00,0,144,93,3785.0,742.0,1600.0,0.46375,345.0,794.0,0.434508,180.0,204.0,0.882352,77.0,467.0,544.0,326.0,133.0,45.0,170.0,321.0,2009.0
25,1630625,00,0,64,1,696.0,83.0,202.0,0.410891,13.0,51.0,0.254901,26.0,44.0,0.590909,38.0,86.0,124.0,99.0,28.0,10.0,53.0,68.0,205.0
26,203084,00,0,747,686,23763.0,3800.0,8380.0,0.45346,1002.0,2644.0,0.378971,1964.0,2442.0,0.804258,763.0,3054.0,3817.0,1376.0,522.0,142.0,930.0,1186.0,10566.0
27,1630567,00,0,74,74,2617.0,459.0,932.0,0.492489,58.0,193.0,0.300518,158.0,215.0,0.734883,195.0,362.0,557.0,256.0,80.0,55.0,136.0,192.0,1134.0
28,1629628,00,0,198,197,6633.0,1246.0,2981.0,0.41798,325.0,910.0,0.357142,652.0,936.0,0.696581,184.0,917.0,1101.0,568.0,151.0,53.0,414.0,452.0,3469.0
29,203115,00,0,623,284,16123.0,2686.0,6197.0,0.433435,827.0,2336.0,0.354023,1047.0,1330.0,0.787218,456.0,2199.0,2655.0,1705.0,476.0,259.0,900.0,994.0,7246.0
30,1629646,00,0,23,0,168.0,30.0,47.0,0.638297,0.0,4.0,0.0,9.0,12.0,0.75,22.0,40.0,62.0,7.0,5.0,17.0,8.0,32.0,69.0
31,1628966,00,0,163,17,2449.0,326.0,706.0,0.461756,69.0,227.0,0.303964,132.0,185.0,0.713513,112.0,378.0,490.0,100.0,75.0,57.0,83.0,144.0,853.0
32,201587,00,0,915,806,28029.0,3615.0,8269.0,0.437174,1465.0,4038.0,0.362803,1454.0,1738.0,0.836593,914.0,3793.0,4707.0,3215.0,874.0,579.0,1542.0,1580.0,10149.0
33,203145,00,0,657,310,13546.0,1929.0,4668.0,0.413239,694.0,1947.0,0.356445,862.0,1190.0,0.724369,237.0,1835.0,2072.0,1154.0,658.0,309.0,905.0,1338.0,5414.0
34,1629647,00,0,185,117,4768.0,672.0,1656.0,0.405797,212.0,696.0,0.304597,285.0,410.0,0.695121,152.0,926.0,1078.0,237.0,110.0,136.0,257.0,183.0,1841.0
35,203078,00,0,645,611,22418.0,5180.0,11357.0,0.456106,1434.0,3851.0,0.37237,2437.0,2968.0,0.821091,560.0,2081.0,2641.0,2701.0,727.0,251.0,1563.0,1435.0,14231.0
36,1627736,00,0,336,87,7025.0,1278.0,2972.0,0.430013,675.0,1749.0,0.385934,257.0,315.0,0.815873,126.0,699.0,825.0,418.0,190.0,44.0,247.0,389.0,3488.0
37,202722,00,0,387,39,7379.0,1025.0,2416.0,0.424254,754.0,1893.0,0.398309,361.0,420.0,0.859523,128.0,917.0,1045.0,392.0,168.0,147.0,222.0,661.0,3165.0
38,201976,00,0,526,438,14410.0,1627.0,3932.0,0.413784,832.0,2203.0,0.377666,568.0,751.0,0.756324,592.0,1651.0,2243.0,1839.0,602.0,271.0,667.0,1632.0,4654.0
39,1630180,00,0,152,135,4613.0,729.0,1827.0,0.399014,386.0,1070.0,0.360747,334.0,401.0,0.832917,150.0,609.0,759.0,328.0,125.0,30.0,156.0,238.0,2178.0
40,203920,00,0,262,75,4664.0,518.0,1000.0,0.518,13.0,68.0,0.191176,310.0,445.0,0.696629,536.0,680.0,1216.0,267.0,131.0,149.0,145.0,436.0,1359.0
41,1629048,00,0,149,21,1762.0,284.0,596.0,0.47651,51.0,201.0,0.253731,133.0,188.0,0.707446,164.0,269.0,433.0,115.0,40.0,139.0,91.0,266.0,752.0
42,202687,00,0,738,310,14720.0,1460.0,2754.0,0.530137,0.0,3.0,0.0,894.0,1584.0,0.564393,1455.0,3027.0,4482.0,442.0,188.0,952.0,673.0,1619.0,3814.0
43,202357,00,0,449,162,9172.0,1279.0,2746.0,0.465768,498.0,1296.0,0.384259,356.0,469.0,0.759061,486.0,1565.0,2051.0,825.0,288.0,184.0,459.0,1058.0,3412.0
44,202339,00,0,756,568,21020.0,3689.0,8169.0,0.451585,854.0,2545.0,0.335559,2116.0,2698.0,0.784284,570.0,2367.0,2937.0,3545.0,1028.0,344.0,1888.0,1493.0,10348.0
45,1629833,00,0,48,1,424.0,39.0,131.0,0.297709,23.0,80.0,0.2875,6.0,11.0,0.545454,19.0,36.0,55.0,23.0,15.0,1.0,22.0,37.0,107.0
46,203992,00,0,316,151,9042.0,1651.0,3760.0,0.439095,742.0,1934.0,0.38366,457.0,556.0,0.821942,146.0,937.0,1083.0,1073.0,325.0,73.0,468.0,678.0,4501.0
47,202711,00,0,603,486,17519.0,3133.0,6861.0,0.456638,1233.0,3144.0,0.392175,1544.0,1793.0,0.861126,323.0,1861.0,2184.0,945.0,334.0,42.0,969.0,977.0,9043.0
48,1629626,00,0,53,2,327.0,54.0,113.0,0.477876,14.0,37.0,0.378378,20.0,30.0,0.666666,9.0,54.0,63.0,18.0,6.0,18.0,27.0,29.0,142.0
49,1630195,00,0,35,2,241.0,17.0,54.0,0.314814,5.0,18.0,0.277777,11.0,13.0,0.846153,16.0,27.0,43.0,21.0,6.0,0.0,13.0,26.0,50.0
50,1629067,00,0,143,57,1870.0,156.0,361.0,0.432132,39.0,130.0,0.3,88.0,116.0,0.75862,102.0,218.0,320.0,118.0,73.0,37.0,88.0,238.0,439.0
51,1626164,00,0,477,452,16072.0,3926.0,8598.0,0.456617,978.0,2739.0,0.357064,2387.0,2744.0,0.869897,246.0,1619.0,1865.0,2228.0,398.0,128.0,1492.0,1409.0,11217.0
52,1630527,00,0,51,0,760.0,125.0,325.0,0.384615,34.0,111.0,0.306306,59.0,72.0,0.819444,17.0,94.0,111.0,51.0,26.0,13.0,31.0,43.0,343.0
53,1628449,00,0,231,23,4126.0,731.0,1513.0,0.483146,208.0,620.0,0.335483,406.0,517.0,0.785299,419.0,813.0,1232.0,116.0,112.0,271.0,123.0,485.0,2076.0
54,1630547,00,0,31,0,304.0,49.0,141.0,0.347517,17.0,49.0,0.346938,27.0,31.0,0.870967,22.0,30.0,52.0,26.0,7.0,1.0,15.0,29.0,142.0
55,202340,00,0,660,544,18152.0,2914.0,6716.0,0.433889,859.0,2353.0,0.365065,592.0,756.0,0.783068,397.0,1466.0,1863.0,1105.0,655.0,128.0,868.0,1427.0,7279.0
56,1628396,00,0,167,18,1961.0,340.0,536.0,0.634328,3.0,7.0,0.428571,90.0,134.0,0.671641,276.0,442.0,718.0,89.0,41.0,98.0,100.0,245.0,773.0
57,1629649,00,0,64,1,838.0,122.0,293.0,0.416382,39.0,124.0,0.314516,35.0,51.0,0.686274,36.0,86.0,122.0,58.0,14.0,7.0,31.0,73.0,318.0
58,1628969,00,0,309,242,9661.0,1310.0,2574.0,0.508935,424.0,1134.0,0.373897,439.0,528.0,0.831439,272.0,940.0,1212.0,639.0,403.0,183.0,268.0,630.0,3483.0
59,1628970,00,0,291,188,8461.0,1465.0,3100.0,0.47258,434.0,1255.0,0.345816,529.0,654.0,0.808868,326.0,1315.0,1641.0,656.0,213.0,216.0,401.0,579.0,3893.0
60,1629052,00,0,107,41,2218.0,294.0,693.0,0.424242,119.0,330.0,0.360606,172.0,239.0,0.719665,146.0,353.0,499.0,97.0,67.0,50.0,71.0,166.0,879.0
61,1627763,00,0,333,258,10052.0,1925.0,4153.0,0.46352,522.0,1388.0,0.37608,787.0,893.0,0.881298,272.0,1126.0,1398.0,1596.0,285.0,77.0,593.0,649.0,5159.0
62,1629717,00,0,74,16,1364.0,176.0,481.0,0.365904,134.0,406.0,0.330049,25.0,33.0,0.757575,30.0,141.0,171.0,92.0,40.0,16.0,49.0,108.0,511.0
63,1628415,00,0,272,245,7674.0,1483.0,3519.0,0.421426,430.0,1236.0,0.347896,559.0,700.0,0.798571,208.0,621.0,829.0,546.0,260.0,82.0,436.0,903.0,3955.0
64,1628971,00,0,269,181,6309.0,814.0,1690.0,0.481656,112.0,342.0,0.327485,316.0,424.0,0.745283,320.0,833.0,1153.0,573.0,238.0,145.0,256.0,661.0,2056.0
65,1627759,00,0,403,296,11559.0,2474.0,5232.0,0.472859,720.0,1929.0,0.37325,976.0,1370.0,0.712408,362.0,1632.0,1994.0,822.0,381.0,146.0,752.0,1007.0,6644.0
66,1629650,00,0,92,38,1297.0,214.0,386.0,0.554404,0.0,0.0,0.0,124.0,206.0,0.601941,196.0,336.0,532.0,12.0,39.0,64.0,66.0,153.0,552.0
67,1628425,00,0,264,29,4435.0,531.0,1263.0,0.420427,248.0,681.0,0.36417,121.0,152.0,0.796052,151.0,732.0,883.0,266.0,137.0,47.0,177.0,375.0,1431.0
68,1630535,00,0,48,6,640.0,81.0,190.0,0.426315,19.0,61.0,0.311475,44.0,65.0,0.676923,38.0,97.0,135.0,35.0,26.0,24.0,36.0,90.0,225.0
69,1629718,00,0,41,3,370.0,29.0,101.0,0.287128,9.0,42.0,0.214285,23.0,25.0,0.92,19.0,34.0,53.0,17.0,16.0,8.0,14.0,40.0,90.0
70,1630602,00,0,5,2,104.0,10.0,32.0,0.3125,6.0,18.0,0.333333,5.0,6.0,0.833333,1.0,15.0,16.0,4.0,2.0,0.0,1.0,7.0,31.0
71,1628972,00,0,221,39,4090.0,540.0,1258.0,0.429252,152.0,451.0,0.337028,176.0,233.0,0.755364,170.0,666.0,836.0,353.0,152.0,23.0,156.0,299.0,1408.0
72,1628973,00,0,277,127,6835.0,1279.0,2588.0,0.494204,281.0,753.0,0.373173,447.0,559.0,0.799642,117.0,726.0,843.0,1034.0,160.0,12.0,358.0,461.0,3286.0
73,1628418,00,0,170,108,3425.0,696.0,1180.0,0.58983,92.0,263.0,0.349809,249.0,326.0,0.763803,258.0,713.0,971.0,219.0,61.0,147.0,145.0,309.0,1733.0
74,203493,00,0,434,239,9775.0,1215.0,2843.0,0.427365,701.0,1820.0,0.385164,251.0,298.0,0.842281,150.0,945.0,1095.0,524.0,252.0,63.0,255.0,588.0,3382.0
75,203504,00,0,498,130,10401.0,1847.0,4500.0,0.410444,564.0,1637.0,0.344532,534.0,659.0,0.810318,164.0,714.0,878.0,1522.0,274.0,52.0,555.0,641.0,4792.0
76,202692,00,0,625,135,14378.0,2231.0,5342.0,0.417633,664.0,1749.0,0.379645,1523.0,1905.0,0.799475,370.0,1840.0,2210.0,1264.0,438.0,132.0,768.0,1184.0,6649.0
77,1630215,00,0,42,1,360.0,61.0,151.0,0.403973,28.0,88.0,0.318181,11.0,16.0,0.6875,5.0,40.0,45.0,63.0,17.0,8.0,33.0,47.0,161.0
78,202710,00,0,690,585,22863.0,3971.0,8631.0,0.460085,556.0,1732.0,0.321016,3724.0,4427.0,0.841201,1070.0,2588.0,3658.0,2836.0,1127.0,323.0,1122.0,996.0,12222.0
79,1629719,00,0,36,1,228.0,41.0,66.0,0.621212,0.0,0.0,0.0,9.0,18.0,0.5,22.0,57.0,79.0,8.0,13.0,11.0,8.0,24.0,91.0
80,203484,00,0,683,541,19972.0,2826.0,6716.0,0.420786,1160.0,3225.0,0.359689,1099.0,1352.0,0.812869,423.0,1725.0,2148.0,1150.0,748.0,154.0,700.0,1254.0,7911.0
81,1630267,00,0,130,23,2609.0,227.0,611.0,0.371522,134.0,409.0,0.327628,140.0,169.0,0.828402,45.0,206.0,251.0,452.0,142.0,37.0,140.0,256.0,728.0
82,1628427,00,0,70,2,503.0,62.0,128.0,0.484375,17.0,51.0,0.333333,23.0,31.0,0.741935,24.0,67.0,91.0,34.0,14.0,6.0,26.0,43.0,164.0
83,1629962,00,0,13,0,219.0,26.0,72.0,0.361111,21.0,53.0,0.396226,11.0,14.0,0.785714,1.0,10.0,11.0,11.0,10.0,4.0,7.0,18.0,84.0
84,203991,00,0,471,410,12614.0,2549.0,4084.0,0.624142,0.0,3.0,0.0,753.0,1429.0,0.526941,1665.0,3358.0,5023.0,465.0,328.0,713.0,529.0,1149.0,5851.0
85,1630176,00,0,26,5,159.0,25.0,49.0,0.510204,1.0,7.0,0.142857,15.0,24.0,0.625,14.0,25.0,39.0,2.0,3.0,6.0,8.0,17.0,66.0
86,1628975,00,0,223,9,3144.0,349.0,904.0,0.386061,218.0,569.0,0.383128,68.0,84.0,0.809523,74.0,312.0,386.0,320.0,126.0,51.0,115.0,264.0,984.0
87,1628976,00,0,203,192,5593.0,952.0,1855.0,0.513207,97.0,326.0,0.297546,475.0,650.0,0.730769,497.0,1306.0,1803.0,404.0,130.0,179.0,332.0,629.0,2476.0
88,1627936,00,0,225,37,4631.0,482.0,1141.0,0.422436,174.0,476.0,0.365546,248.0,337.0,0.735905,116.0,457.0,573.0,601.0,252.0,67.0,270.0,418.0,1386.0
89,1630551,00,0,36,0,281.0,31.0,67.0,0.462686,10.0,28.0,0.357142,9.0,9.0,1.0,37.0,35.0,72.0,11.0,8.0,4.0,8.0,32.0,81.0
90,1629185,00,0,91,4,1038.0,112.0,317.0,0.353312,59.0,172.0,0.343023,20.0,25.0,0.8,22.0,95.0,117.0,217.0,42.0,11.0,81.0,90.0,303.0
91,1627737,00,0,292,147,5338.0,830.0,1822.0,0.455543,161.0,555.0,0.29009,385.0,577.0,0.667244,362.0,1004.0,1366.0,298.0,187.0,227.0,348.0,738.0,2206.0
92,1630528,00,0,74,2,1334.0,224.0,500.0,0.448,56.0,189.0,0.296296,83.0,113.0,0.734513,52.0,134.0,186.0,150.0,65.0,13.0,114.0,97.0,587.0
93,1629109,00,0,170,19,2239.0,177.0,504.0,0.35119,139.0,427.0,0.325526,31.0,37.0,0.837837,117.0,314.0,431.0,84.0,52.0,62.0,44.0,148.0,524.0
94,1629634,00,0,181,21,3961.0,840.0,1421.0,0.591133,48.0,163.0,0.294478,248.0,355.0,0.698591,324.0,691.0,1015.0,262.0,131.0,167.0,122.0,306.0,1976.0
95,203903,00,0,600,142,16190.0,3495.0,7954.0,0.439401,1072.0,3169.0,0.338277,1154.0,1395.0,0.82724,501.0,1470.0,1971.0,1526.0,515.0,88.0,998.0,1013.0,9216.0
96,1629651,00,0,94,20,1755.0,295.0,457.0,0.645514,2.0,12.0,0.166666,96.0,178.0,0.539325,153.0,321.0,474.0,87.0,48.0,99.0,65.0,192.0,688.0
97,1629599,00,0,131,32,2121.0,279.0,623.0,0.447833,125.0,329.0,0.379939,134.0,166.0,0.807228,40.0,217.0,257.0,160.0,53.0,17.0,68.0,137.0,817.0
98,1628381,00,0,293,242,8487.0,1900.0,3396.0,0.559481,277.0,736.0,0.376358,760.0,975.0,0.779487,722.0,1719.0,2441.0,455.0,167.0,304.0,444.0,909.0,4837.0
99,1628380,00,0,182,16,3193.0,412.0,912.0,0.451754,96.0,294.0,0.32653,179.0,241.0,0.742738,225.0,542.0,767.0,200.0,60.0,125.0,194.0,410.0,1099.0
100,201144,00,0,958,922,30618.0,5042.0,11482.0,0.439122,1489.0,3899.0,0.381892,2648.0,3231.0,0.81956,456.0,2416.0,2872.0,5407.0,1363.0,197.0,1900.0,1892.0,14221.0
101,1626192,00,0,417,35,7717.0,910.0,2045.0,0.444987,464.0,1272.0,0.364779,185.0,232.0,0.797413,286.0,1106.0,1392.0,521.0,197.0,118.0,223.0,485.0,2469.0
102,1629076,00,0,65,3,691.0,100.0,153.0,0.653594,1.0,2.0,0.5,45.0,75.0,0.6,50.0,112.0,162.0,21.0,15.0,6.0,31.0,68.0,246.0
103,1630536,00,0,13,0,39.0,3.0,14.0,0.214285,1.0,6.0,0.166666,0.0,0.0,0.0,0.0,5.0,5.0,5.0,0.0,0.0,5.0,1.0,7.0
104,202326,00,0,654,561,19509.0,4562.0,9924.0,0.459693,426.0,1288.0,0.330745,3252.0,4411.0,0.737247,1692.0,4972.0,6664.0,1979.0,874.0,742.0,2149.0,2421.0,12802.0
105,203496,00,0,537,460,16064.0,2090.0,5142.0,0.406456,1190.0,3301.0,0.360496,852.0,1048.0,0.812977,490.0,2632.0,3122.0,803.0,861.0,527.0,818.0,1596.0,6222.0
106,1628470,00,0,300,93,5603.0,655.0,1436.0,0.456128,239.0,724.0,0.33011,149.0,215.0,0.693023,335.0,751.0,1086.0,284.0,146.0,160.0,181.0,607.0,1698.0
107,203109,00,0,735,406,18561.0,2424.0,5808.0,0.417355,1146.0,3310.0,0.346223,1062.0,1366.0,0.777452,504.0,2637.0,3141.0,1182.0,736.0,254.0,640.0,1522.0,7056.0
108,1629633,00,0,134,42,2343.0,350.0,872.0,0.401376,91.0,321.0,0.283489,99.0,199.0,0.497487,117.0,247.0,364.0,167.0,94.0,52.0,129.0,225.0,890.0
109,1630595,00,0,64,64,2088.0,429.0,1031.0,0.4161,114.0,363.0,0.314049,142.0,168.0,0.845238,58.0,296.0,354.0,356.0,78.0,43.0,234.0,200.0,1114.0
110,203552,00,0,377,199,9489.0,1555.0,3263.0,0.476555,730.0,1661.0,0.439494,405.0,474.0,0.85443,119.0,724.0,843.0,832.0,274.0,53.0,425.0,623.0,4245.0
111,201939,00,0,826,820,28361.0,6875.0,14520.0,0.473484,3117.0,7290.0,0.427572,3197.0,3520.0,0.908238,553.0,3285.0,3838.0,5388.0,1367.0,187.0,2598.0,1981.0,20064.0
112,203076,00,0,604,599,20805.0,5375.0,10434.0,0.515142,292.0,964.0,0.302904,3348.0,4217.0,0.793929,1518.0,4644.0,6162.0,1414.0,824.0,1413.0,1179.0,1419.0,14390.0
113,202334,00,0,722,106,13757.0,1773.0,3128.0,0.566815,0.0,4.0,0.0,745.0,1277.0,0.583398,1590.0,3026.0,4616.0,539.0,349.0,566.0,532.0,1749.0,4291.0
114,1629056,00,0,163,19,2820.0,507.0,1159.0,0.437446,241.0,658.0,0.366261,132.0,158.0,0.835443,81.0,404.0,485.0,238.0,108.0,39.0,172.0,291.0,1387.0
115,201942,00,0,957,945,32790.0,7133.0,15349.0,0.46472,410.0,1424.0,0.287921,5193.0,6202.0,0.83731,708.0,3519.0,4227.0,3729.0,935.0,280.0,1986.0,2162.0,19869.0
116,203473,00,0,477,209,8471.0,1210.0,2294.0,0.527462,175.0,518.0,0.337837,461.0,627.0,0.735247,750.0,2086.0,2836.0,332.0,249.0,390.0,471.0,1215.0,3056.0
117,1628978,00,0,201,91,4752.0,653.0,1573.0,0.41513,310.0,894.0,0.346756,193.0,252.0,0.765873,203.0,730.0,933.0,506.0,218.0,49.0,272.0,332.0,1809.0
118,1628977,00,0,207,44,3917.0,692.0,1457.0,0.474948,71.0,256.0,0.277343,293.0,462.0,0.634199,210.0,603.0,813.0,227.0,170.0,60.0,208.0,455.0,1748.0
119,203476,00,0,597,208,12269.0,1691.0,3383.0,0.499852,175.0,477.0,0.366876,913.0,1154.0,0.791161,1021.0,2406.0,3427.0,784.0,464.0,535.0,655.0,1282.0,4470.0
120,203915,00,0,387,184,10207.0,1630.0,3963.0,0.411304,553.0,1716.0,0.322261,1229.0,1554.0,0.790862,178.0,989.0,1167.0,1933.0,260.0,104.0,669.0,899.0,5042.0
121,1629029,00,0,264,264,8928.0,2375.0,5195.0,0.45717,732.0,2172.0,0.337016,1480.0,2007.0,0.737419,274.0,1982.0,2256.0,2102.0,278.0,111.0,1080.0,587.0,6962.0
122,1629652,00,0,139,131,4029.0,626.0,1583.0,0.395451,273.0,821.0,0.332521,325.0,408.0,0.796568,100.0,382.0,482.0,203.0,122.0,41.0,189.0,380.0,1850.0
123,1630245,00,0,77,40,2110.0,278.0,535.0,0.519626,70.0,186.0,0.376344,53.0,78.0,0.679487,27.0,187.0,214.0,256.0,60.0,29.0,108.0,182.0,679.0
124,201609,00,0,888,530,24733.0,4464.0,9694.0,0.460491,1098.0,3036.0,0.36166,2177.0,2838.0,0.767089,627.0,2108.0,2735.0,4254.0,863.0,163.0,2001.0,2054.0,12203.0
125,203083,00,0,718,630,21267.0,4190.0,7765.0,0.5396,15.0,114.0,0.131578,1543.0,3263.0,0.472877,3253.0,6266.0,9519.0,1003.0,976.0,1055.0,1411.0,2248.0,9938.0
126,1630537,00,0,55,39,1541.0,268.0,621.0,0.431561,94.0,255.0,0.368627,90.0,112.0,0.803571,41.0,185.0,226.0,114.0,56.0,10.0,90.0,95.0,720.0
127,1630561,00,0,22,7,341.0,39.0,108.0,0.361111,9.0,37.0,0.243243,17.0,21.0,0.809523,30.0,37.0,67.0,17.0,14.0,7.0,9.0,36.0,104.0
128,201142,00,0,939,936,34508.0,8716.0,17577.0,0.495875,1770.0,4611.0,0.383864,6324.0,7153.0,0.884104,659.0,5987.0,6646.0,4032.0,1021.0,1038.0,2964.0,1801.0,25526.0
129,1630162,00,0,144,127,4780.0,1054.0,2456.0,0.429153,386.0,1122.0,0.344028,431.0,552.0,0.780797,121.0,558.0,679.0,486.0,187.0,82.0,350.0,293.0,2925.0
130,1629035,00,0,72,1,705.0,98.0,269.0,0.364312,46.0,155.0,0.296774,25.0,33.0,0.757575,11.0,68.0,79.0,52.0,21.0,5.0,27.0,63.0,267.0
131,1630556,00,0,48,23,987.0,110.0,267.0,0.411985,48.0,136.0,0.352941,16.0,19.0,0.842105,44.0,128.0,172.0,31.0,29.0,24.0,42.0,85.0,284.0
132,1629604,00,0,88,28,1367.0,146.0,374.0,0.390374,44.0,160.0,0.275,71.0,99.0,0.717171,77.0,182.0,259.0,97.0,41.0,22.0,61.0,143.0,407.0
133,201961,00,0,770,206,16101.0,2233.0,5441.0,0.410402,1214.0,3175.0,0.382362,510.0,605.0,0.842975,238.0,1405.0,1643.0,852.0,412.0,66.0,508.0,884.0,6190.0
134,203954,00,0,328,328,10240.0,2799.0,5718.0,0.489506,389.0,1152.0,0.337673,2548.0,3146.0,0.809917,764.0,2968.0,3732.0,1080.0,285.0,542.0,1109.0,1010.0,8535.0
135,202324,00,0,790,503,19202.0,3420.0,6407.0,0.533791,38.0,192.0,0.197916,1476.0,2225.0,0.66337,1933.0,3675.0,5608.0,851.0,577.0,939.0,995.0,1976.0,8354.0
136,1628981,00,0,119,13,1091.0,157.0,298.0,0.526845,6.0,41.0,0.146341,59.0,97.0,0.608247,101.0,230.0,331.0,66.0,23.0,31.0,77.0,154.0,379.0
137,1627827,00,0,394,282,10759.0,1187.0,2662.0,0.445905,560.0,1552.0,0.360824,295.0,411.0,0.717761,580.0,1212.0,1792.0,554.0,316.0,168.0,337.0,853.0,3229.0
138,1630238,00,0,18,0,74.0,9.0,22.0,0.40909,6.0,12.0,0.5,0.0,0.0,0.0,2.0,18.0,20.0,5.0,0.0,0.0,2.0,7.0,24.0
139,1630201,00,0,91,19,1465.0,199.0,523.0,0.380497,84.0,258.0,0.325581,60.0,80.0,0.75,20.0,159.0,179.0,207.0,58.0,11.0,56.0,113.0,542.0
140,1627854,00,0,406,167,8314.0,1329.0,3036.0,0.437747,706.0,1711.0,0.412624,323.0,394.0,0.819796,65.0,638.0,703.0,506.0,156.0,12.0,285.0,572.0,3687.0
141,1630235,00,0,90,6,1068.0,108.0,226.0,0.477876,10.0,53.0,0.188679,57.0,67.0,0.850746,34.0,109.0,143.0,151.0,39.0,10.0,69.0,65.0,283.0
142,203095,00,0,645,497,18476.0,3312.0,7436.0,0.4454,1291.0,3387.0,0.381163,1307.0,1637.0,0.798411,268.0,1503.0,1771.0,1676.0,570.0,98.0,1040.0,1554.0,9222.0
143,1628368,00,0,322,308,10325.0,2269.0,4916.0,0.461554,364.0,1139.0,0.319578,1246.0,1719.0,0.72484,169.0,969.0,1138.0,2005.0,432.0,142.0,900.0,854.0,6148.0
144,1628982,00,0,32,0,290.0,35.0,103.0,0.339805,9.0,43.0,0.209302,8.0,15.0,0.533333,10.0,18.0,28.0,5.0,11.0,2.0,9.0,25.0,87.0
145,1628365,00,0,131,86,3251.0,593.0,1317.0,0.450265,48.0,183.0,0.262295,189.0,267.0,0.707865,87.0,338.0,425.0,623.0,147.0,27.0,247.0,256.0,1423.0
146,1629117,00,0,77,6,835.0,99.0,218.0,0.454128,27.0,80.0,0.3375,51.0,81.0,0.629629,80.0,123.0,203.0,33.0,25.0,26.0,47.0,139.0,276.0
147,1629655,00,0,169,71,2844.0,533.0,770.0,0.692207,0.0,1.0,0.0,211.0,321.0,0.65732,301.0,443.0,744.0,118.0,69.0,230.0,135.0,366.0,1277.0
148,201568,00,0,728,563,21779.0,3454.0,8076.0,0.427686,1426.0,3732.0,0.3821,2993.0,3413.0,0.876941,501.0,3009.0,3510.0,1414.0,537.0,262.0,885.0,1305.0,11327.0
149,1629636,00,0,181,177,6044.0,1184.0,2674.0,0.442782,384.0,1016.0,0.377952,390.0,445.0,0.876404,89.0,375.0,464.0,1141.0,197.0,17.0,563.0,317.0,3142.0
150,1630586,00,0,24,2,239.0,19.0,44.0,0.431818,5.0,20.0,0.25,5.0,7.0,0.714285,21.0,62.0,83.0,17.0,10.0,11.0,6.0,28.0,48.0
151,1630568,00,0,32,5,389.0,66.0,147.0,0.448979,16.0,49.0,0.32653,38.0,61.0,0.62295,58.0,42.0,100.0,20.0,9.0,6.0,18.0,55.0,186.0
152,200752,00,0,1064,779,33745.0,6561.0,14484.0,0.452982,1153.0,3299.0,0.349499,3074.0,3849.0,0.798648,1414.0,4706.0,6120.0,2223.0,1212.0,780.0,2208.0,2456.0,17349.0
153,202331,00,0,737,689,24741.0,5114.0,11743.0,0.435493,1852.0,4845.0,0.382249,2949.0,3478.0,0.847901,644.0,4091.0,4735.0,2641.0,1268.0,324.0,1988.0,1956.0,15029.0
154,201959,00,0,896,447,21977.0,3351.0,6471.0,0.517848,44.0,171.0,0.257309,1342.0,1883.0,0.712692,2038.0,3439.0,5477.0,880.0,503.0,927.0,989.0,2256.0,8088.0
155,1630581,00,0,54,54,1700.0,281.0,670.0,0.419402,56.0,213.0,0.26291,56.0,79.0,0.70886,98.0,323.0,421.0,345.0,51.0,20.0,171.0,88.0,674.0
156,1628983,00,0,243,234,7724.0,1583.0,3348.0,0.472819,298.0,857.0,0.347724,957.0,1186.0,0.806913,160.0,928.0,1088.0,1040.0,273.0,161.0,535.0,504.0,4421.0
157,1630264,00,0,70,4,681.0,92.0,169.0,0.544378,21.0,50.0,0.42,55.0,68.0,0.808823,49.0,87.0,136.0,38.0,15.0,15.0,26.0,85.0,260.0
158,203497,00,0,611,519,18301.0,2796.0,4280.0,0.653271,0.0,11.0,0.0,2000.0,3134.0,0.638162,2023.0,5096.0,7119.0,807.0,412.0,1357.0,1008.0,1579.0,7592.0
159,1629164,00,0,133,11,1609.0,230.0,590.0,0.38983,79.0,251.0,0.314741,89.0,122.0,0.729508,34.0,177.0,211.0,251.0,54.0,5.0,104.0,130.0,628.0
160,203932,00,0,528,439,15276.0,2605.0,5663.0,0.460003,587.0,1819.0,0.322704,1090.0,1552.0,0.702319,841.0,2469.0,3310.0,1313.0,389.0,335.0,792.0,1053.0,6887.0
161,201569,00,0,749,570,24259.0,4169.0,9739.0,0.428072,1746.0,4712.0,0.370543,2179.0,2689.0,0.810338,298.0,1513.0,1811.0,2121.0,641.0,258.0,1471.0,1421.0,12263.0
162,1628984,00,0,240,163,6708.0,990.0,2663.0,0.371761,623.0,1746.0,0.356815,477.0,577.0,0.826689,111.0,489.0,600.0,1203.0,204.0,35.0,400.0,335.0,3080.0
163,203924,00,0,555,270,14455.0,2181.0,4823.0,0.452208,578.0,1656.0,0.349033,1389.0,1921.0,0.72306,489.0,1700.0,2189.0,747.0,348.0,615.0,617.0,1263.0,6329.0
164,201980,00,0,819,709,20741.0,2524.0,5996.0,0.420947,1561.0,3908.0,0.399437,534.0,664.0,0.804216,498.0,2313.0,2811.0,1270.0,846.0,631.0,815.0,1437.0,7143.0
165,203110,00,0,685,535,19511.0,2180.0,4944.0,0.440938,571.0,1812.0,0.315121,1029.0,1446.0,0.711618,748.0,4002.0,4750.0,3733.0,955.0,711.0,1514.0,1922.0,5960.0
166,203210,00,0,487,165,10136.0,1443.0,3059.0,0.471722,388.0,1059.0,0.366383,568.0,724.0,0.78453,819.0,1962.0,2781.0,445.0,273.0,203.0,518.0,1284.0,3842.0
167,1630224,00,0,67,67,2138.0,406.0,954.0,0.425576,157.0,458.0,0.342794,188.0,236.0,0.79661,33.0,193.0,226.0,176.0,44.0,18.0,135.0,103.0,1157.0
168,1629750,00,0,154,49,2461.0,292.0,553.0,0.528028,55.0,164.0,0.335365,138.0,178.0,0.77528,141.0,299.0,440.0,103.0,119.0,46.0,72.0,220.0,777.0
169,201145,00,0,1051,647,30464.0,4815.0,10741.0,0.448282,1089.0,3213.0,0.338935,2576.0,3198.0,0.805503,908.0,3594.0,4502.0,1625.0,719.0,539.0,1481.0,2271.0,13295.0
170,1630182,00,0,106,8,1484.0,172.0,349.0,0.492836,32.0,103.0,0.310679,44.0,68.0,0.647058,80.0,159.0,239.0,107.0,61.0,17.0,61.0,150.0,420.0
171,201933,00,0,724,676,23817.0,5356.0,10858.0,0.493276,515.0,1573.0,0.327399,3116.0,4476.0,0.696157,1440.0,4514.0,5954.0,2994.0,612.0,350.0,1710.0,1983.0,14343.0
172,1629656,00,0,46,6,786.0,95.0,235.0,0.404255,72.0,189.0,0.380952,13.0,19.0,0.68421,24.0,70.0,94.0,44.0,31.0,11.0,28.0,72.0,275.0
173,1629060,00,0,147,118,4185.0,751.0,1574.0,0.477128,125.0,347.0,0.36023,286.0,367.0,0.779291,152.0,614.0,766.0,217.0,104.0,24.0,154.0,278.0,1913.0
174,1630169,00,0,135,97,4440.0,722.0,1528.0,0.472513,282.0,685.0,0.411678,208.0,246.0,0.845528,100.0,384.0,484.0,937.0,211.0,77.0,291.0,204.0,1934.0
175,1630181,00,0,115,15,2291.0,311.0,770.0,0.403896,91.0,270.0,0.337037,130.0,199.0,0.653266,52.0,321.0,373.0,245.0,63.0,23.0,140.0,162.0,843.0
176,203501,00,0,586,288,15838.0,2852.0,6755.0,0.422205,1253.0,3505.0,0.357489,1192.0,1468.0,0.811989,196.0,1454.0,1650.0,1095.0,366.0,83.0,622.0,988.0,8149.0
177,201935,00,0,942,728,32616.0,6920.0,15651.0,0.442144,2593.0,7176.0,0.361343,7044.0,8195.0,0.859548,742.0,4552.0,5294.0,6397.0,1449.0,512.0,3539.0,2456.0,23477.0
178,203090,00,0,621,372,14019.0,1686.0,3554.0,0.474395,378.0,1182.0,0.319796,509.0,816.0,0.623774,658.0,1540.0,2198.0,572.0,583.0,399.0,521.0,1265.0,4259.0
179,1629607,00,0,16,0,67.0,15.0,34.0,0.441176,5.0,15.0,0.333333,7.0,8.0,0.875,2.0,2.0,4.0,15.0,4.0,1.0,5.0,6.0,42.0
180,1626149,00,0,458,29,9863.0,2381.0,3841.0,0.61989,9.0,77.0,0.116883,1129.0,1706.0,0.661781,863.0,1566.0,2429.0,642.0,252.0,379.0,515.0,983.0,5900.0
181,203914,00,0,468,374,13474.0,2051.0,4581.0,0.447718,705.0,1944.0,0.362654,719.0,885.0,0.812429,284.0,878.0,1162.0,965.0,547.0,101.0,557.0,837.0,5526.0
182,203925,00,0,414,250,10602.0,1676.0,3470.0,0.482997,874.0,1991.0,0.438975,358.0,459.0,0.779956,238.0,1106.0,1344.0,679.0,204.0,80.0,477.0,850.0,4584.0
183,202699,00,0,753,633,23619.0,4706.0,9892.0,0.475737,1001.0,2727.0,0.36707,1900.0,2294.0,0.828247,758.0,3902.0,4660.0,1728.0,557.0,396.0,1077.0,1524.0,12313.0
184,1628404,00,0,296,118,8071.0,1028.0,2284.0,0.450087,427.0,1231.0,0.346872,435.0,589.0,0.738539,253.0,1448.0,1701.0,614.0,273.0,104.0,343.0,675.0,2918.0
185,1628392,00,0,165,4,2262.0,387.0,645.0,0.6,18.0,47.0,0.382978,167.0,245.0,0.681632,232.0,418.0,650.0,248.0,85.0,140.0,157.0,368.0,959.0
186,2617,00,0,872,500,21650.0,2659.0,5433.0,0.489416,6.0,62.0,0.096774,1235.0,1634.0,0.755813,1611.0,4169.0,5780.0,733.0,423.0,250.0,809.0,2058.0,6559.0
187,1630573,00,0,26,0,158.0,23.0,50.0,0.46,19.0,44.0,0.431818,0.0,0.0,0.0,5.0,24.0,29.0,10.0,1.0,2.0,2.0,7.0,65.0
188,1629637,00,0,194,45,3441.0,594.0,937.0,0.633938,27.0,75.0,0.36,360.0,498.0,0.722891,304.0,527.0,831.0,134.0,84.0,148.0,146.0,417.0,1575.0
189,1630165,00,0,92,58,2317.0,247.0,660.0,0.374242,64.0,239.0,0.267782,71.0,91.0,0.780219,42.0,237.0,279.0,415.0,105.0,45.0,194.0,240.0,629.0
190,202330,00,0,734,571,22831.0,3962.0,8741.0,0.453266,1022.0,2752.0,0.371366,2508.0,3038.0,0.825543,558.0,2744.0,3302.0,2576.0,726.0,296.0,1432.0,1283.0,11454.0
191,1627823,00,0,297,66,4655.0,542.0,1265.0,0.428458,249.0,710.0,0.350704,256.0,376.0,0.680851,241.0,767.0,1008.0,191.0,115.0,65.0,152.0,322.0,1589.0
192,1626195,00,0,306,46,4691.0,885.0,1658.0,0.533775,34.0,110.0,0.30909,458.0,652.0,0.702453,651.0,1151.0,1802.0,331.0,128.0,121.0,308.0,509.0,2262.0
193,1629639,00,0,175,33,5294.0,1078.0,2452.0,0.439641,398.0,1034.0,0.384912,371.0,436.0,0.850917,73.0,748.0,821.0,568.0,113.0,34.0,362.0,242.0,2925.0
194,1627741,00,0,468,297,13675.0,2713.0,6312.0,0.429816,1417.0,3563.0,0.397698,620.0,717.0,0.864714,348.0,1655.0,2003.0,1180.0,383.0,136.0,822.0,989.0,7463.0
195,1629312,00,0,24,1,203.0,20.0,56.0,0.357142,10.0,33.0,0.30303,2.0,7.0,0.285714,10.0,21.0,31.0,8.0,3.0,3.0,4.0,14.0,52.0
196,201588,00,0,869,483,23668.0,3299.0,7227.0,0.456482,1032.0,2713.0,0.38039,1683.0,2086.0,0.806807,518.0,2128.0,2646.0,2697.0,780.0,227.0,1057.0,1704.0,9313.0
197,1630792,00,0,19,0,212.0,24.0,52.0,0.461538,13.0,36.0,0.361111,11.0,14.0,0.785714,11.0,24.0,35.0,8.0,7.0,3.0,3.0,24.0,72.0
198,1630207,00,0,23,0,96.0,15.0,43.0,0.348837,4.0,19.0,0.210526,7.0,10.0,0.7,1.0,8.0,9.0,8.0,7.0,2.0,6.0,8.0,41.0
199,1628988,00,0,245,56,4460.0,659.0,1599.0,0.412132,236.0,633.0,0.372827,242.0,288.0,0.840277,66.0,368.0,434.0,588.0,164.0,51.0,261.0,377.0,1796.0
200,201950,00,0,839,760,27816.0,5359.0,11643.0,0.460276,1170.0,3220.0,0.363354,1698.0,2187.0,0.776406,759.0,2602.0,3361.0,5373.0,1267.0,430.0,2275.0,1871.0,13586.0
201,203200,00,0,576,285,14149.0,1745.0,4381.0,0.39831,979.0,2683.0,0.36489,536.0,654.0,0.819571,221.0,1479.0,1700.0,860.0,559.0,255.0,508.0,955.0,5005.0
202,1626158,00,0,376,160,7922.0,1488.0,2459.0,0.605124,43.0,168.0,0.255952,586.0,786.0,0.745547,692.0,1475.0,2167.0,403.0,220.0,396.0,347.0,1029.0,3605.0
203,203918,00,0,448,253,10978.0,1688.0,4023.0,0.419587,647.0,1770.0,0.365536,633.0,753.0,0.840637,158.0,1002.0,1160.0,736.0,301.0,80.0,426.0,855.0,4656.0
204,201143,00,0,950,940,30598.0,5425.0,10541.0,0.514657,609.0,1692.0,0.359929,1530.0,2015.0,0.759305,1935.0,5837.0,7772.0,3144.0,762.0,1126.0,1438.0,2121.0,12989.0
205,1629659,00,0,131,24,2896.0,462.0,1057.0,0.437086,90.0,326.0,0.276073,202.0,258.0,0.782945,64.0,305.0,369.0,346.0,130.0,51.0,193.0,285.0,1216.0
206,1627863,00,0,204,98,4954.0,594.0,1390.0,0.427338,316.0,864.0,0.36574,239.0,313.0,0.763578,131.0,596.0,727.0,263.0,136.0,84.0,169.0,353.0,1743.0
207,2730,00,0,1242,1078,39456.0,7051.0,12016.0,0.5868,22.0,103.0,0.213592,5361.0,9455.0,0.567001,4151.0,10476.0,14627.0,1676.0,1081.0,2228.0,3302.0,3912.0,19485.0
208,1630210,00,0,68,1,381.0,79.0,207.0,0.381642,46.0,135.0,0.34074,27.0,32.0,0.84375,3.0,30.0,33.0,25.0,13.0,1.0,25.0,40.0,231.0
209,1628989,00,0,274,216,8123.0,1188.0,2758.0,0.430746,563.0,1484.0,0.37938,186.0,236.0,0.788135,165.0,793.0,958.0,871.0,253.0,96.0,366.0,644.0,3125.0
210,1630190,00,0,54,4,498.0,57.0,174.0,0.327586,33.0,118.0,0.279661,10.0,13.0,0.76923,7.0,60.0,67.0,28.0,15.0,9.0,23.0,40.0,157.0
211,1630624,00,0,2,0,8.0,0.0,2.0,0.0,0.0,0.0,0.0,0.0,0.0,0.0,1.0,0.0,1.0,1.0,1.0,0.0,1.0,1.0,0.0
212,1629631,00,0,139,133,4273.0,654.0,1506.0,0.434262,213.0,594.0,0.358585,310.0,395.0,0.78481,87.0,485.0,572.0,224.0,99.0,51.0,201.0,396.0,1831.0
213,1630538,00,0,69,4,1310.0,230.0,571.0,0.402802,131.0,358.0,0.365921,107.0,125.0,0.856,14.0,174.0,188.0,191.0,41.0,20.0,86.0,153.0,698.0
214,201586,00,0,903,697,24942.0,4549.0,8862.0,0.513315,608.0,1691.0,0.35955,1256.0,1656.0,0.758454,1879.0,4590.0,6469.0,745.0,371.0,1752.0,1176.0,2457.0,10962.0
215,2738,00,0,1223,784,39393.0,5021.0,10855.0,0.462551,1080.0,3269.0,0.330376,2829.0,3991.0,0.708844,1115.0,4915.0,6030.0,5128.0,1761.0,630.0,2231.0,2169.0,13951.0
216,204060,00,0,590,313,15157.0,1805.0,4016.0,0.449452,1071.0,2622.0,0.408466,413.0,538.0,0.767657,189.0,1725.0,1914.0,2213.0,544.0,90.0,927.0,1099.0,5094.0
217,1627742,00,0,368,329,12079.0,2469.0,5356.0,0.460978,494.0,1371.0,0.36032,1380.0,1795.0,0.768802,278.0,1618.0,1896.0,1412.0,260.0,210.0,888.0,892.0,6812.0
218,202681,00,0,611,611,20804.0,5184.0,11034.0,0.46982,1371.0,3487.0,0.393174,2350.0,2663.0,0.882463,475.0,1864.0,2339.0,3504.0,816.0,241.0,1597.0,1392.0,14089.0
219,1628371,00,0,136,106,3512.0,473.0,1088.0,0.434742,134.0,406.0,0.330049,189.0,237.0,0.797468,173.0,568.0,741.0,146.0,145.0,206.0,151.0,274.0,1269.0
220,1628402,00,0,213,31,3868.0,656.0,1554.0,0.422136,247.0,742.0,0.332884,257.0,327.0,0.785932,81.0,309.0,390.0,221.0,84.0,16.0,169.0,311.0,1816.0
221,1630543,00,0,36,15,541.0,116.0,206.0,0.563106,5.0,16.0,0.3125,60.0,88.0,0.681818,60.0,89.0,149.0,10.0,25.0,52.0,40.0,92.0,297.0
222,1628367,00,0,291,92,6718.0,1222.0,2939.0,0.415787,263.0,901.0,0.291897,569.0,837.0,0.679808,250.0,909.0,1159.0,534.0,251.0,169.0,536.0,733.0,3276.0
223,202704,00,0,703,466,18001.0,3422.0,8074.0,0.423829,948.0,2749.0,0.344852,1391.0,1628.0,0.854422,367.0,1755.0,2122.0,3020.0,486.0,88.0,1325.0,1380.0,9183.0
224,1628991,00,0,204,195,5521.0,1134.0,2503.0,0.453056,341.0,971.0,0.351184,609.0,770.0,0.790909,264.0,786.0,1050.0,240.0,177.0,369.0,342.0,766.0,3218.0
225,2544,00,0,1366,1365,52138.0,13543.0,26825.0,0.504864,2140.0,6186.0,0.345942,7836.0,10673.0,0.734189,1601.0,8609.0,10210.0,10045.0,2136.0,1041.0,4788.0,2516.0,37062.0
226,1629660,00,0,112,5,1916.0,290.0,728.0,0.398351,139.0,404.0,0.344059,76.0,97.0,0.783505,36.0,179.0,215.0,273.0,65.0,14.0,102.0,163.0,795.0
227,1630198,00,0,96,2,992.0,110.0,310.0,0.354838,84.0,241.0,0.348547,47.0,55.0,0.854545,12.0,80.0,92.0,55.0,26.0,7.0,30.0,81.0,351.0
228,1629661,00,0,183,36,4423.0,658.0,1495.0,0.440133,389.0,998.0,0.389779,194.0,230.0,0.843478,124.0,535.0,659.0,254.0,130.0,52.0,119.0,286.0,1899.0
229,1630525,00,0,2,0,2.0,0.0,1.0,0.0,0.0,1.0,0.0,0.0,0.0,0.0,0.0,0.0,0.0,0.0,0.0,0.0,0.0,0.0,0.0
230,1630552,00,0,22,0,120.0,22.0,41.0,0.536585,3.0,13.0,0.230769,5.0,7.0,0.714285,2.0,24.0,26.0,3.0,3.0,2.0,9.0,9.0,52.0
231,1629640,00,0,161,142,4660.0,862.0,1805.0,0.477562,232.0,602.0,0.385382,357.0,474.0,0.753164,183.0,743.0,926.0,294.0,112.0,40.0,183.0,318.0,2313.0
232,1630553,00,0,37,12,696.0,96.0,272.0,0.352941,34.0,100.0,0.34,41.0,51.0,0.803921,24.0,57.0,81.0,76.0,28.0,12.0,46.0,69.0,267.0
233,1626169,00,0,419,104,8408.0,963.0,2508.0,0.383971,322.0,1074.0,0.299813,384.0,509.0,0.75442,231.0,1078.0,1309.0,612.0,367.0,100.0,447.0,823.0,2632.0
234,203999,00,0,527,486,16015.0,3982.0,7345.0,0.542137,536.0,1553.0,0.345138,1864.0,2246.0,0.829919,1393.0,4063.0,5456.0,3281.0,627.0,376.0,1462.0,1467.0,10364.0
235,1627745,00,0,199,74,3033.0,438.0,659.0,0.664643,13.0,43.0,0.302325,228.0,325.0,0.701538,230.0,455.0,685.0,163.0,77.0,148.0,139.0,448.0,1117.0
236,1630529,00,0,78,69,2335.0,274.0,576.0,0.475694,57.0,169.0,0.337278,137.0,163.0,0.84049,98.0,198.0,296.0,167.0,130.0,60.0,100.0,238.0,742.0
237,1630539,00,0,21,0,63.0,9.0,14.0,0.642857,1.0,2.0,0.5,3.0,8.0,0.375,3.0,8.0,11.0,4.0,1.0,2.0,6.0,8.0,22.0
238,1630222,00,0,36,1,385.0,59.0,138.0,0.427536,25.0,70.0,0.357142,52.0,79.0,0.658227,8.0,57.0,65.0,46.0,9.0,1.0,30.0,32.0,195.0
239,1630200,00,0,106,12,1417.0,203.0,417.0,0.48681,13.0,56.0,0.232142,88.0,110.0,0.8,37.0,139.0,176.0,272.0,50.0,7.0,59.0,91.0,507.0
240,1626145,00,0,455,72,8378.0,1090.0,2505.0,0.435129,299.0,850.0,0.351764,328.0,401.0,0.817955,103.0,696.0,799.0,1691.0,444.0,33.0,326.0,378.0,2807.0
241,1627884,00,0,280,97,5537.0,685.0,1346.0,0.508915,134.0,449.0,0.29844,329.0,471.0,0.698513,359.0,605.0,964.0,197.0,184.0,193.0,155.0,572.0,1833.0
242,201599,00,0,980,776,26195.0,3619.0,5377.0,0.673051,1.0,12.0,0.083333,1694.0,3563.0,0.475442,3001.0,7141.0,10142.0,932.0,537.0,1501.0,1331.0,2483.0,8933.0
243,202709,00,0,728,173,16161.0,1993.0,4492.0,0.443677,403.0,1172.0,0.343856,772.0,981.0,0.786952,369.0,1515.0,1884.0,2186.0,562.0,167.0,764.0,1192.0,5161.0
244,1628379,00,0,297,74,6973.0,1069.0,2380.0,0.449159,550.0,1294.0,0.425038,278.0,320.0,0.86875,77.0,770.0,847.0,603.0,147.0,44.0,277.0,435.0,2966.0
245,1630296,00,0,11,0,197.0,33.0,72.0,0.458333,6.0,21.0,0.285714,7.0,13.0,0.538461,13.0,37.0,50.0,11.0,10.0,11.0,11.0,26.0,79.0
246,1630557,00,0,77,36,1801.0,234.0,514.0,0.455252,112.0,320.0,0.35,54.0,62.0,0.870967,53.0,156.0,209.0,85.0,35.0,22.0,50.0,93.0,634.0
247,1628467,00,0,326,135,7389.0,820.0,1838.0,0.446137,406.0,1132.0,0.358657,261.0,328.0,0.795731,390.0,1171.0,1561.0,345.0,141.0,301.0,219.0,675.0,2307.0
248,1630233,00,0,70,2,546.0,82.0,188.0,0.43617,10.0,46.0,0.217391,88.0,115.0,0.765217,59.0,98.0,157.0,30.0,16.0,18.0,33.0,64.0,262.0
249,1628995,00,0,212,61,4011.0,569.0,1543.0,0.368762,240.0,706.0,0.339943,260.0,369.0,0.704607,113.0,511.0,624.0,172.0,82.0,60.0,183.0,337.0,1638.0
250,1629723,00,0,134,7,2048.0,228.0,437.0,0.521739,78.0,192.0,0.40625,53.0,81.0,0.65432,140.0,364.0,504.0,178.0,82.0,34.0,54.0,137.0,587.0
251,1627788,00,0,256,49,4793.0,700.0,1730.0,0.404624,373.0,1052.0,0.354562,243.0,316.0,0.768987,75.0,499.0,574.0,344.0,154.0,37.0,180.0,294.0,2016.0
252,1628436,00,0,148,35,2120.0,295.0,723.0,0.408022,144.0,444.0,0.324324,73.0,97.0,0.752577,88.0,291.0,379.0,145.0,51.0,119.0,58.0,152.0,807.0
253,1630249,00,0,30,8,690.0,68.0,167.0,0.407185,32.0,98.0,0.32653,19.0,22.0,0.863636,18.0,83.0,101.0,57.0,19.0,8.0,29.0,65.0,187.0
254,1629083,00,0,2,0,5.0,0.0,1.0,0.0,0.0,1.0,0.0,0.0,0.0,0.0,0.0,0.0,0.0,0.0,0.0,0.0,0.0,1.0,0.0
255,1630228,00,0,70,12,1185.0,236.0,460.0,0.513043,50.0,149.0,0.33557,130.0,190.0,0.68421,54.0,180.0,234.0,64.0,31.0,22.0,74.0,146.0,652.0
256,1628398,00,0,342,212,10399.0,2013.0,4487.0,0.448629,638.0,1883.0,0.338821,672.0,929.0,0.723358,378.0,1738.0,2116.0,759.0,195.0,184.0,646.0,705.0,5336.0
257,203897,00,0,478,391,15218.0,3384.0,7344.0,0.460784,1031.0,2673.0,0.385708,1667.0,2009.0,0.829766,221.0,1655.0,1876.0,1860.0,423.0,145.0,1271.0,1039.0,9466.0
258,1630237,00,0,26,3,423.0,46.0,120.0,0.383333,23.0,73.0,0.315068,18.0,21.0,0.857142,27.0,44.0,71.0,25.0,6.0,5.0,19.0,34.0,133.0
259,203087,00,0,573,136,11896.0,2127.0,4841.0,0.439372,601.0,1755.0,0.34245,950.0,1109.0,0.856627,303.0,1770.0,2073.0,904.0,417.0,218.0,466.0,924.0,5805.0
260,1629111,00,0,54,1,589.0,101.0,204.0,0.495098,29.0,89.0,0.325842,34.0,41.0,0.829268,63.0,75.0,138.0,45.0,10.0,14.0,31.0,53.0,265.0
261,1629641,00,0,98,11,1424.0,132.0,330.0,0.4,39.0,130.0,0.3,50.0,79.0,0.632911,57.0,127.0,184.0,47.0,36.0,29.0,37.0,104.0,353.0
262,1627774,00,0,243,49,3099.0,458.0,996.0,0.459839,131.0,437.0,0.299771,128.0,178.0,0.719101,102.0,315.0,417.0,127.0,99.0,71.0,122.0,254.0,1175.0
263,1627747,00,0,318,180,8759.0,1747.0,3998.0,0.436968,438.0,1317.0,0.332574,717.0,973.0,0.736896,236.0,980.0,1216.0,1257.0,343.0,107.0,609.0,644.0,4649.0
264,1627814,00,0,216,53,4538.0,628.0,1447.0,0.434001,267.0,748.0,0.356951,257.0,296.0,0.868243,100.0,657.0,757.0,311.0,159.0,21.0,160.0,353.0,1780.0
265,1630240,00,0,85,7,1384.0,168.0,387.0,0.434108,22.0,83.0,0.26506,117.0,160.0,0.73125,38.0,146.0,184.0,281.0,68.0,25.0,91.0,120.0,475.0
266,203458,00,0,570,235,10770.0,1682.0,3317.0,0.507084,110.0,334.0,0.329341,897.0,1313.0,0.683168,1078.0,2263.0,3341.0,489.0,224.0,550.0,675.0,1465.0,4371.0
267,202695,00,0,576,549,18025.0,3986.0,8080.0,0.493316,865.0,2251.0,0.384273,2248.0,2620.0,0.858015,696.0,2993.0,3689.0,1672.0,1013.0,367.0,933.0,988.0,11085.0
268,1630575,00,0,2,0,7.0,0.0,0.0,0.0,0.0,0.0,0.0,1.0,2.0,0.5,0.0,0.0,0.0,1.0,1.0,0.0,0.0,0.0,1.0
269,1630184,00,0,78,0,1246.0,189.0,483.0,0.391304,53.0,178.0,0.297752,53.0,63.0,0.841269,21.0,89.0,110.0,173.0,49.0,11.0,60.0,105.0,484.0
270,203081,00,0,711,711,25832.0,5725.0,13097.0,0.437123,2143.0,5752.0,0.372566,3917.0,4388.0,0.892661,425.0,2551.0,2976.0,4726.0,682.0,221.0,1995.0,1368.0,17510.0
271,1629642,00,0,138,30,2301.0,288.0,633.0,0.454976,93.0,293.0,0.317406,133.0,183.0,0.726775,121.0,351.0,472.0,99.0,43.0,63.0,73.0,205.0,802.0
272,1630587,00,0,19,5,383.0,41.0,90.0,0.455555,27.0,64.0,0.421875,12.0,14.0,0.857142,15.0,42.0,57.0,21.0,13.0,7.0,15.0,37.0,121.0
273,1626172,00,0,367,150,6014.0,734.0,1294.0,0.567233,10.0,58.0,0.172413,243.0,401.0,0.605985,678.0,1072.0,1750.0,498.0,178.0,206.0,216.0,768.0,1721.0
274,201572,00,0,868,828,26193.0,5443.0,11019.0,0.493964,652.0,1914.0,0.340647,2709.0,3403.0,0.796062,1774.0,3633.0,5407.0,1245.0,503.0,1530.0,1481.0,2303.0,14247.0
275,201577,00,0,939,603,20573.0,3429.0,6394.0,0.536284,53.0,180.0,0.294444,1285.0,1731.0,0.742345,2121.0,2483.0,4604.0,796.0,216.0,1034.0,1036.0,1808.0,8196.0
276,1629712,00,0,12,1,186.0,15.0,46.0,0.326086,11.0,31.0,0.354838,2.0,2.0,1.0,6.0,14.0,20.0,8.0,4.0,2.0,8.0,18.0,43.0
277,201567,00,0,812,659,25089.0,4710.0,10686.0,0.440763,1467.0,3935.0,0.372808,3418.0,4124.0,0.828806,2076.0,6590.0,8666.0,1919.0,528.0,342.0,1547.0,1626.0,14305.0
278,200768,00,0,1023,787,32616.0,4850.0,11421.0,0.424656,1971.0,5349.0,0.36848,3445.0,4235.0,0.813459,804.0,3671.0,4475.0,6469.0,1350.0,298.0,2419.0,2810.0,15116.0
279,1630994,00,0,4,0,44.0,5.0,19.0,0.263157,3.0,8.0,0.375,0.0,0.0,0.0,2.0,5.0,7.0,11.0,3.0,0.0,3.0,7.0,13.0
280,1627789,00,0,328,60,5254.0,648.0,1657.0,0.391068,320.0,956.0,0.334728,321.0,387.0,0.829457,124.0,532.0,656.0,293.0,132.0,42.0,232.0,605.0,1937.0
281,1626168,00,0,449,126,8216.0,1285.0,2915.0,0.440823,394.0,1167.0,0.337617,539.0,731.0,0.737346,375.0,1578.0,1953.0,477.0,175.0,156.0,376.0,649.0,3503.0
282,1630177,00,0,116,56,2686.0,345.0,931.0,0.370569,149.0,463.0,0.321814,180.0,235.0,0.765957,45.0,297.0,342.0,338.0,87.0,22.0,206.0,193.0,1019.0
283,1630572,00,0,41,3,407.0,57.0,115.0,0.495652,22.0,52.0,0.423076,18.0,22.0,0.818181,35.0,47.0,82.0,22.0,9.0,9.0,15.0,28.0,154.0
284,1629611,00,0,189,49,3942.0,549.0,1119.0,0.490616,121.0,319.0,0.37931,224.0,285.0,0.785964,170.0,552.0,722.0,366.0,95.0,39.0,142.0,350.0,1443.0
285,1630544,00,0,60,26,1367.0,231.0,588.0,0.392857,98.0,272.0,0.360294,65.0,82.0,0.792682,25.0,146.0,171.0,91.0,47.0,12.0,71.0,102.0,625.0
286,1626246,00,0,286,25,2641.0,641.0,1117.0,0.573858,10.0,39.0,0.25641,396.0,517.0,0.765957,375.0,722.0,1097.0,139.0,54.0,92.0,191.0,329.0,1688.0
287,1628374,00,0,282,256,8389.0,1530.0,3472.0,0.440668,629.0,1726.0,0.364426,650.0,765.0,0.849673,307.0,1597.0,1904.0,354.0,189.0,141.0,355.0,526.0,4339.0
288,1630230,00,0,87,14,1435.0,191.0,478.0,0.399581,50.0,188.0,0.265957,127.0,168.0,0.755952,53.0,237.0,290.0,150.0,59.0,18.0,84.0,127.0,559.0
289,1628997,00,0,131,16,2507.0,341.0,750.0,0.454666,115.0,317.0,0.362776,129.0,178.0,0.724719,111.0,298.0,409.0,154.0,107.0,49.0,100.0,198.0,926.0
290,1628998,00,0,171,24,3618.0,376.0,818.0,0.459657,95.0,294.0,0.323129,142.0,215.0,0.660465,172.0,432.0,604.0,360.0,164.0,53.0,145.0,246.0,989.0
291,1630231,00,0,124,10,2724.0,441.0,841.0,0.524375,95.0,264.0,0.359848,138.0,207.0,0.666666,153.0,386.0,539.0,149.0,64.0,81.0,98.0,202.0,1115.0
292,1629726,00,0,147,57,2977.0,305.0,754.0,0.404509,234.0,630.0,0.371428,258.0,309.0,0.834951,54.0,247.0,301.0,100.0,94.0,32.0,59.0,306.0,1102.0
293,202083,00,0,898,754,27347.0,3730.0,8866.0,0.420708,1782.0,4721.0,0.377462,1679.0,2038.0,0.823846,455.0,2136.0,2591.0,1786.0,889.0,180.0,1045.0,1885.0,10921.0
294,1630178,00,0,136,82,3586.0,681.0,1424.0,0.47823,163.0,412.0,0.395631,274.0,316.0,0.867088,37.0,307.0,344.0,441.0,81.0,45.0,129.0,235.0,1799.0
295,1630219,00,0,61,5,489.0,76.0,162.0,0.469135,22.0,65.0,0.338461,30.0,34.0,0.882352,15.0,45.0,60.0,47.0,21.0,2.0,19.0,24.0,204.0
296,1630540,00,0,40,2,372.0,32.0,108.0,0.296296,17.0,68.0,0.25,8.0,12.0,0.666666,4.0,38.0,42.0,41.0,14.0,1.0,5.0,45.0,89.0
297,1630644,00,0,2,0,24.0,3.0,6.0,0.5,1.0,3.0,0.333333,1.0,1.0,1.0,0.0,3.0,3.0,1.0,1.0,1.0,3.0,5.0,8.0
298,203468,00,0,590,493,18625.0,4356.0,9567.0,0.455315,1368.0,3452.0,0.396292,1261.0,1557.0,0.80989,372.0,1669.0,2041.0,2044.0,526.0,223.0,1027.0,1254.0,11341.0
299,204456,00,0,481,86,10691.0,1470.0,2925.0,0.502564,113.0,346.0,0.326589,246.0,320.0,0.76875,260.0,1176.0,1436.0,2404.0,613.0,94.0,766.0,719.0,3299.0
300,1630183,00,0,133,58,3313.0,419.0,921.0,0.45494,152.0,450.0,0.337777,84.0,116.0,0.724137,128.0,397.0,525.0,150.0,87.0,114.0,122.0,396.0,1074.0
301,1629667,00,0,118,20,2092.0,289.0,608.0,0.475328,85.0,237.0,0.358649,112.0,153.0,0.732026,97.0,307.0,404.0,124.0,62.0,44.0,92.0,224.0,775.0
302,203926,00,0,527,94,11012.0,1836.0,3855.0,0.476264,723.0,1766.0,0.409399,451.0,550.0,0.82,224.0,1012.0,1236.0,496.0,113.0,53.0,344.0,774.0,4846.0
303,201580,00,0,821,336,13982.0,2796.0,4853.0,0.576138,12.0,66.0,0.181818,932.0,1541.0,0.604802,1552.0,2792.0,4344.0,358.0,327.0,1212.0,826.0,1823.0,6536.0
304,203585,00,0,285,120,5634.0,619.0,1470.0,0.421088,260.0,739.0,0.351826,144.0,219.0,0.657534,233.0,578.0,811.0,353.0,145.0,49.0,179.0,420.0,1642.0
305,1629162,00,0,143,7,2430.0,275.0,620.0,0.443548,89.0,253.0,0.351778,79.0,109.0,0.72477,50.0,201.0,251.0,498.0,142.0,20.0,120.0,129.0,718.0
306,203463,00,0,556,268,12534.0,1768.0,4270.0,0.414051,868.0,2392.0,0.362876,611.0,783.0,0.780332,222.0,1047.0,1269.0,563.0,353.0,106.0,608.0,1175.0,5015.0
307,1629001,00,0,235,55,4853.0,714.0,1745.0,0.409169,295.0,818.0,0.360635,245.0,320.0,0.765625,162.0,681.0,843.0,660.0,309.0,113.0,337.0,435.0,1968.0
308,1629002,00,0,143,26,2018.0,337.0,728.0,0.462912,70.0,227.0,0.30837,125.0,164.0,0.762195,86.0,430.0,516.0,111.0,74.0,58.0,115.0,173.0,869.0
309,203114,00,0,651,576,20693.0,4034.0,8801.0,0.458357,1216.0,3102.0,0.392005,1852.0,2103.0,0.880646,401.0,2765.0,3166.0,2461.0,794.0,123.0,1362.0,1666.0,11136.0
310,201988,00,0,820,105,17013.0,2687.0,6306.0,0.426102,1447.0,3716.0,0.389397,699.0,818.0,0.854523,247.0,1143.0,1390.0,1894.0,533.0,73.0,798.0,1076.0,7520.0
311,200794,00,0,1085,746,30498.0,5455.0,11158.0,0.488886,541.0,1588.0,0.34068,3085.0,4190.0,0.736276,2343.0,5330.0,7673.0,2378.0,1327.0,1045.0,1829.0,3248.0,14536.0
312,1629003,00,0,178,34,3714.0,641.0,1434.0,0.447001,186.0,515.0,0.361165,263.0,321.0,0.819314,87.0,326.0,413.0,454.0,95.0,50.0,200.0,350.0,1731.0
313,1630558,00,0,75,19,2076.0,352.0,843.0,0.417556,101.0,320.0,0.315625,56.0,85.0,0.658823,33.0,133.0,166.0,313.0,55.0,24.0,114.0,141.0,861.0
314,1628378,00,0,345,337,11637.0,2953.0,6701.0,0.44068,958.0,2657.0,0.360557,1370.0,1644.0,0.833333,269.0,1164.0,1433.0,1542.0,445.0,99.0,964.0,874.0,8234.0
315,1630596,00,0,69,69,2331.0,422.0,830.0,0.508433,23.0,92.0,0.25,167.0,252.0,0.662698,143.0,427.0,570.0,174.0,56.0,115.0,133.0,147.0,1034.0
316,1628370,00,0,309,38,6298.0,1156.0,2724.0,0.424375,508.0,1431.0,0.354996,356.0,429.0,0.829836,102.0,615.0,717.0,627.0,162.0,77.0,389.0,425.0,3176.0
317,202328,00,0,646,417,17670.0,3371.0,6556.0,0.514185,1.0,17.0,0.058823,1659.0,2361.0,0.702668,1799.0,3494.0,5293.0,1376.0,680.0,373.0,1198.0,1435.0,8402.0
318,1630541,00,0,52,11,607.0,80.0,183.0,0.437158,40.0,110.0,0.363636,28.0,36.0,0.777777,17.0,63.0,80.0,23.0,7.0,10.0,13.0,43.0,228.0
319,1629875,00,0,10,0,137.0,25.0,51.0,0.490196,5.0,14.0,0.357142,3.0,5.0,0.6,2.0,12.0,14.0,24.0,7.0,3.0,6.0,9.0,58.0
320,1629630,00,0,187,187,6016.0,1457.0,3071.0,0.474438,221.0,676.0,0.326923,826.0,1095.0,0.754337,187.0,649.0,836.0,1337.0,181.0,53.0,619.0,283.0,3961.0
321,1629752,00,0,52,0,313.0,31.0,59.0,0.525423,8.0,23.0,0.347826,6.0,11.0,0.545454,21.0,40.0,61.0,16.0,5.0,3.0,10.0,43.0,76.0
322,202693,00,0,715,376,17725.0,3018.0,6762.0,0.446317,607.0,1782.0,0.340628,1179.0,1518.0,0.776679,870.0,2844.0,3714.0,1153.0,578.0,369.0,1086.0,1965.0,7822.0
323,1628420,00,0,280,105,7067.0,1170.0,2434.0,0.48069,334.0,848.0,0.393867,273.0,329.0,0.829787,97.0,558.0,655.0,1042.0,221.0,48.0,218.0,316.0,2947.0
324,202694,00,0,718,437,19451.0,3258.0,7486.0,0.435212,1140.0,3020.0,0.377483,1265.0,1637.0,0.772755,649.0,2649.0,3298.0,1085.0,488.0,204.0,856.0,1548.0,8921.0
325,1628539,00,0,84,12,1209.0,169.0,409.0,0.413202,118.0,320.0,0.36875,27.0,38.0,0.710526,13.0,94.0,107.0,39.0,18.0,15.0,29.0,89.0,483.0
326,1630530,00,0,62,1,864.0,109.0,277.0,0.393501,71.0,186.0,0.38172,45.0,51.0,0.882352,47.0,100.0,147.0,38.0,23.0,7.0,16.0,60.0,334.0
327,1627749,00,0,320,249,8257.0,1628.0,3577.0,0.455129,218.0,661.0,0.329803,519.0,673.0,0.771173,323.0,1597.0,1920.0,1540.0,455.0,84.0,594.0,596.0,3993.0
328,1627750,00,0,345,270,10384.0,2073.0,4651.0,0.44571,673.0,1834.0,0.366957,820.0,934.0,0.877944,270.0,988.0,1258.0,1322.0,328.0,109.0,678.0,647.0,5639.0
329,203488,00,0,432,30,6695.0,957.0,2090.0,0.457894,410.0,1087.0,0.377184,342.0,404.0,0.846534,352.0,1019.0,1371.0,378.0,150.0,211.0,257.0,630.0,2666.0
330,1629004,00,0,220,46,3746.0,511.0,1285.0,0.397665,290.0,822.0,0.352798,139.0,177.0,0.78531,70.0,325.0,395.0,298.0,132.0,21.0,202.0,229.0,1451.0
331,1626204,00,0,396,133,9527.0,1323.0,2503.0,0.528565,166.0,499.0,0.332665,398.0,578.0,0.688581,782.0,1795.0,2577.0,747.0,484.0,199.0,397.0,884.0,3210.0
332,1630612,00,0,14,0,63.0,6.0,18.0,0.333333,0.0,2.0,0.0,3.0,4.0,0.75,3.0,4.0,7.0,12.0,1.0,0.0,3.0,2.0,15.0
333,1630174,00,0,98,4,1243.0,150.0,360.0,0.416666,71.0,223.0,0.318385,43.0,54.0,0.796296,43.0,173.0,216.0,45.0,35.0,14.0,54.0,157.0,414.0
334,203526,00,0,387,98,6259.0,878.0,1931.0,0.454686,246.0,672.0,0.366071,311.0,387.0,0.803617,86.0,526.0,612.0,834.0,262.0,30.0,374.0,520.0,2313.0
335,1627777,00,0,305,18,4455.0,663.0,1518.0,0.436758,414.0,1025.0,0.403902,117.0,134.0,0.873134,84.0,535.0,619.0,248.0,88.0,32.0,171.0,445.0,1857.0
336,1630227,00,0,24,0,261.0,27.0,67.0,0.402985,7.0,26.0,0.26923,16.0,30.0,0.533333,7.0,26.0,33.0,40.0,15.0,0.0,26.0,21.0,77.0
337,1630192,00,0,83,2,1095.0,146.0,290.0,0.503448,61.0,139.0,0.438848,53.0,80.0,0.6625,70.0,142.0,212.0,27.0,24.0,17.0,30.0,108.0,406.0
338,203457,00,0,450,219,10086.0,1362.0,2482.0,0.548751,2.0,13.0,0.153846,577.0,881.0,0.654937,888.0,1900.0,2788.0,491.0,572.0,673.0,580.0,1160.0,3303.0
339,1629669,00,0,119,1,1885.0,357.0,801.0,0.445692,116.0,336.0,0.345238,133.0,164.0,0.810975,44.0,187.0,231.0,211.0,52.0,23.0,67.0,156.0,963.0
340,1628373,00,0,269,60,4803.0,526.0,1417.0,0.371206,188.0,568.0,0.330985,155.0,200.0,0.775,90.0,405.0,495.0,631.0,194.0,59.0,300.0,533.0,1395.0
341,1629134,00,0,123,111,3613.0,720.0,1572.0,0.458015,259.0,711.0,0.364275,141.0,160.0,0.88125,42.0,317.0,359.0,368.0,108.0,29.0,194.0,260.0,1840.0
342,203994,00,0,411,330,9815.0,1989.0,3978.0,0.5,32.0,138.0,0.231884,1005.0,1495.0,0.67224,1052.0,2461.0,3513.0,903.0,372.0,489.0,870.0,1287.0,5015.0
343,1628021,00,0,237,50,4583.0,603.0,1231.0,0.489845,87.0,272.0,0.319852,329.0,489.0,0.672801,236.0,630.0,866.0,246.0,177.0,106.0,163.0,447.0,1622.0
344,1629670,00,0,92,15,1459.0,248.0,597.0,0.41541,107.0,289.0,0.370242,55.0,68.0,0.808823,46.0,235.0,281.0,66.0,42.0,25.0,81.0,100.0,658.0
345,1626220,00,0,370,230,9516.0,819.0,1830.0,0.44754,428.0,1122.0,0.381461,219.0,275.0,0.796363,226.0,1537.0,1763.0,771.0,292.0,136.0,348.0,844.0,2285.0
346,1629643,00,0,115,39,2881.0,351.0,899.0,0.390433,167.0,512.0,0.326171,85.0,105.0,0.809523,89.0,439.0,528.0,219.0,145.0,64.0,95.0,143.0,954.0
347,1629006,00,0,244,123,5017.0,510.0,1264.0,0.403481,144.0,524.0,0.274809,388.0,512.0,0.757812,220.0,492.0,712.0,278.0,236.0,99.0,216.0,481.0,1552.0
348,1630168,00,0,98,10,1593.0,252.0,375.0,0.672,0.0,3.0,0.0,116.0,167.0,0.69461,177.0,269.0,446.0,71.0,54.0,93.0,73.0,249.0,620.0
349,1630171,00,0,134,128,4154.0,442.0,990.0,0.446464,117.0,371.0,0.315363,233.0,312.0,0.746794,140.0,267.0,407.0,249.0,118.0,46.0,144.0,349.0,1234.0
350,203506,00,0,462,395,15141.0,2958.0,6749.0,0.438287,744.0,2137.0,0.348151,1394.0,1764.0,0.790249,273.0,1844.0,2117.0,1824.0,748.0,218.0,1179.0,1103.0,8054.0
351,203482,00,0,610,166,13409.0,2224.0,4675.0,0.475721,734.0,2011.0,0.364992,964.0,1232.0,0.782467,723.0,2364.0,3087.0,1248.0,465.0,284.0,890.0,1695.0,6146.0
352,1626224,00,0,327,181,7999.0,1182.0,2797.0,0.422595,512.0,1465.0,0.349488,393.0,547.0,0.718464,166.0,889.0,1055.0,699.0,241.0,49.0,384.0,679.0,3269.0
353,1626162,00,0,479,162,12062.0,2070.0,4767.0,0.434235,702.0,2119.0,0.331288,927.0,1237.0,0.749393,444.0,1630.0,2074.0,484.0,449.0,231.0,497.0,1212.0,5769.0
354,1629672,00,0,158,31,3085.0,580.0,1173.0,0.494458,95.0,291.0,0.32646,297.0,392.0,0.757653,140.0,369.0,509.0,214.0,53.0,25.0,164.0,244.0,1552.0
355,101108,00,0,1155,1155,39896.0,7398.0,15634.0,0.473199,1544.0,4187.0,0.36876,4596.0,5275.0,0.871279,714.0,4492.0,5206.0,10977.0,2453.0,172.0,2774.0,2800.0,20936.0
356,1626166,00,0,279,41,4994.0,825.0,1959.0,0.421133,282.0,778.0,0.362467,200.0,241.0,0.829875,87.0,537.0,624.0,905.0,188.0,63.0,328.0,476.0,2132.0
357,203901,00,0,500,395,13384.0,2086.0,4666.0,0.447063,190.0,662.0,0.287009,674.0,1082.0,0.62292,523.0,1484.0,2007.0,2867.0,588.0,151.0,1084.0,1000.0,5036.0
358,1627780,00,0,142,39,2056.0,313.0,577.0,0.542461,66.0,206.0,0.320388,48.0,84.0,0.571428,114.0,282.0,396.0,151.0,148.0,38.0,79.0,234.0,740.0
359,1630691,00,0,13,0,176.0,18.0,50.0,0.36,13.0,39.0,0.333333,1.0,2.0,0.5,6.0,26.0,32.0,7.0,0.0,7.0,5.0,12.0,50.0
360,1629033,00,0,87,0,759.0,85.0,276.0,0.307971,37.0,164.0,0.225609,44.0,48.0,0.916666,16.0,100.0,116.0,95.0,28.0,6.0,57.0,66.0,251.0
361,203486,00,0,661,386,14768.0,2179.0,3730.0,0.584182,2.0,41.0,0.04878,1124.0,2019.0,0.556711,1361.0,3017.0,4378.0,1611.0,503.0,592.0,986.0,1846.0,5484.0
362,1627751,00,0,416,164,8409.0,1348.0,2148.0,0.62756,2.0,3.0,0.666666,337.0,650.0,0.518461,1033.0,1491.0,2524.0,601.0,214.0,524.0,408.0,959.0,3035.0
363,1630197,00,0,106,40,2323.0,325.0,864.0,0.376157,115.0,404.0,0.284653,66.0,92.0,0.717391,103.0,427.0,530.0,228.0,59.0,80.0,193.0,146.0,831.0
364,1630582,00,0,12,0,71.0,5.0,16.0,0.3125,3.0,9.0,0.333333,0.0,2.0,0.0,5.0,7.0,12.0,1.0,1.0,4.0,1.0,6.0,13.0
365,1629673,00,0,184,72,4545.0,846.0,2034.0,0.415929,382.0,1121.0,0.340767,446.0,504.0,0.88492,58.0,412.0,470.0,537.0,121.0,42.0,312.0,386.0,2520.0
366,1629645,00,0,137,87,3904.0,677.0,1596.0,0.424185,258.0,732.0,0.352459,266.0,388.0,0.685567,85.0,443.0,528.0,649.0,134.0,44.0,376.0,352.0,1878.0
367,1629008,00,0,125,71,3081.0,675.0,1303.0,0.518035,242.0,577.0,0.41941,171.0,215.0,0.795348,166.0,597.0,763.0,133.0,77.0,81.0,138.0,242.0,1763.0
368,203490,00,0,504,316,13080.0,2059.0,4313.0,0.477393,670.0,1684.0,0.397862,548.0,690.0,0.794202,590.0,1961.0,2551.0,767.0,570.0,216.0,393.0,893.0,5336.0
369,1626171,00,0,453,120,9837.0,2025.0,4308.0,0.470055,477.0,1244.0,0.38344,494.0,657.0,0.751902,850.0,2145.0,2995.0,537.0,263.0,171.0,487.0,868.0,5021.0
370,204001,00,0,337,336,10385.0,2281.0,5142.0,0.443601,600.0,1698.0,0.353356,1209.0,1474.0,0.820217,589.0,2060.0,2649.0,537.0,234.0,635.0,556.0,1027.0,6371.0
371,203939,00,0,511,178,9720.0,1451.0,2480.0,0.58508,121.0,409.0,0.295843,903.0,1202.0,0.751247,798.0,1551.0,2349.0,524.0,324.0,242.0,351.0,1137.0,3926.0
372,1629619,00,0,11,0,52.0,5.0,17.0,0.294117,1.0,6.0,0.166666,2.0,2.0,1.0,1.0,5.0,6.0,3.0,1.0,0.0,3.0,8.0,13.0
373,1626181,00,0,421,188,9424.0,1680.0,3630.0,0.462809,599.0,1560.0,0.383974,817.0,983.0,0.831129,160.0,928.0,1088.0,625.0,341.0,113.0,498.0,767.0,4776.0
374,1630563,00,0,50,16,965.0,101.0,270.0,0.374074,42.0,137.0,0.306569,44.0,59.0,0.745762,32.0,81.0,113.0,81.0,20.0,23.0,57.0,79.0,288.0
375,1627752,00,0,370,218,8937.0,1377.0,3310.0,0.416012,626.0,1689.0,0.370633,519.0,637.0,0.814756,192.0,1250.0,1442.0,647.0,313.0,159.0,579.0,755.0,3899.0
376,1630202,00,0,137,6,2269.0,344.0,791.0,0.434892,203.0,493.0,0.411764,61.0,66.0,0.924242,65.0,227.0,292.0,259.0,62.0,15.0,94.0,165.0,952.0
377,1630243,00,0,10,0,74.0,15.0,33.0,0.454545,9.0,24.0,0.375,4.0,4.0,1.0,7.0,9.0,16.0,4.0,5.0,1.0,7.0,6.0,43.0
378,1629674,00,0,15,0,120.0,17.0,38.0,0.447368,0.0,0.0,0.0,11.0,17.0,0.647058,14.0,17.0,31.0,6.0,1.0,8.0,6.0,18.0,45.0
379,1630193,00,0,142,6,3046.0,513.0,1304.0,0.393404,255.0,699.0,0.364806,332.0,375.0,0.885333,56.0,328.0,384.0,402.0,84.0,15.0,157.0,281.0,1613.0
380,203944,00,0,518,438,16145.0,3388.0,7177.0,0.472063,448.0,1349.0,0.332097,1967.0,2648.0,0.742824,1025.0,3790.0,4815.0,1842.0,365.0,235.0,1423.0,1619.0,9191.0
381,1630559,00,0,61,19,1418.0,146.0,318.0,0.459119,53.0,167.0,0.317365,99.0,118.0,0.838983,45.0,148.0,193.0,110.0,29.0,20.0,40.0,87.0,444.0
382,1629629,00,0,133,62,3313.0,474.0,1225.0,0.386938,182.0,560.0,0.325,269.0,320.0,0.840625,82.0,343.0,425.0,170.0,142.0,52.0,187.0,260.0,1399.0
383,1628432,00,0,79,6,957.0,108.0,249.0,0.433734,50.0,128.0,0.390625,18.0,27.0,0.666666,18.0,135.0,153.0,69.0,35.0,11.0,27.0,83.0,284.0
384,1630194,00,0,64,2,480.0,96.0,174.0,0.551724,2.0,14.0,0.142857,10.0,22.0,0.454545,74.0,79.0,153.0,28.0,43.0,27.0,22.0,86.0,204.0
385,1629675,00,0,177,32,3057.0,637.0,1300.0,0.49,150.0,437.0,0.343249,266.0,368.0,0.722826,218.0,529.0,747.0,178.0,93.0,169.0,173.0,434.0,1690.0
386,1630208,00,0,68,5,430.0,64.0,99.0,0.646464,0.0,1.0,0.0,37.0,54.0,0.685185,38.0,59.0,97.0,15.0,9.0,21.0,27.0,58.0,165.0
387,1626196,00,0,438,306,13033.0,1923.0,4494.0,0.427903,694.0,1900.0,0.365263,730.0,870.0,0.83908,313.0,1064.0,1377.0,1172.0,465.0,262.0,602.0,1020.0,5270.0
388,203085,00,0,655,174,15840.0,2123.0,5080.0,0.417913,746.0,2137.0,0.349087,749.0,1154.0,0.649046,217.0,1142.0,1359.0,1438.0,466.0,108.0,709.0,1399.0,5741.0
389,1629130,00,0,239,209,6631.0,946.0,2176.0,0.434742,762.0,1878.0,0.40575,184.0,214.0,0.859813,43.0,661.0,704.0,363.0,125.0,53.0,215.0,586.0,2838.0
390,1629011,00,0,230,117,5473.0,831.0,1151.0,0.72198,0.0,0.0,0.0,279.0,517.0,0.539651,771.0,949.0,1720.0,128.0,197.0,458.0,158.0,692.0,1941.0
391,1630526,00,0,49,36,1087.0,134.0,324.0,0.41358,58.0,165.0,0.351515,40.0,54.0,0.74074,75.0,199.0,274.0,49.0,29.0,15.0,39.0,75.0,366.0
392,1629676,00,0,109,62,2385.0,373.0,753.0,0.495351,76.0,208.0,0.365384,165.0,233.0,0.708154,164.0,396.0,560.0,178.0,88.0,71.0,157.0,272.0,987.0
393,200765,00,0,957,733,28570.0,3886.0,8516.0,0.456317,449.0,1384.0,0.324421,1116.0,1826.0,0.611171,910.0,3439.0,4349.0,7584.0,1518.0,125.0,2586.0,1997.0,9337.0
394,201565,00,0,672,511,21315.0,4784.0,10474.0,0.45675,556.0,1762.0,0.31555,2106.0,2536.0,0.830441,538.0,1701.0,2239.0,3646.0,521.0,235.0,1693.0,848.0,12230.0
395,203082,00,0,670,178,16627.0,2740.0,6567.0,0.417237,1234.0,3415.0,0.361346,811.0,967.0,0.838676,234.0,1673.0,1907.0,841.0,552.0,221.0,657.0,1133.0,7525.0
396,1626179,00,0,477,235,12440.0,2180.0,5225.0,0.417224,951.0,2532.0,0.375592,728.0,886.0,0.82167,312.0,1554.0,1866.0,1509.0,440.0,113.0,579.0,680.0,6039.0
397,201937,00,0,665,601,20128.0,2407.0,6186.0,0.389104,616.0,1887.0,0.326444,1969.0,2335.0,0.843254,419.0,2341.0,2760.0,5045.0,1200.0,88.0,1737.0,1687.0,7399.0
398,1626156,00,0,424,360,12476.0,2722.0,6485.0,0.419737,1043.0,2926.0,0.356459,1017.0,1302.0,0.781105,219.0,1284.0,1503.0,2370.0,471.0,119.0,1196.0,790.0,7504.0
399,1630346,00,0,1,0,5.0,1.0,5.0,0.2,1.0,5.0,0.2,0.0,0.0,0.0,0.0,0.0,0.0,0.0,1.0,0.0,0.0,0.0,3.0
400,1627734,00,0,415,275,11806.0,2330.0,4367.0,0.533547,181.0,567.0,0.319223,1120.0,1538.0,0.728218,937.0,2878.0,3815.0,1493.0,309.0,184.0,958.0,1260.0,5961.0
401,203967,00,0,356,205,8964.0,1497.0,3393.0,0.441202,512.0,1433.0,0.357292,674.0,804.0,0.838308,538.0,1548.0,2086.0,699.0,220.0,79.0,573.0,755.0,4180.0
402,203107,00,0,388,182,8616.0,997.0,2132.0,0.467636,237.0,670.0,0.353731,445.0,543.0,0.819521,312.0,805.0,1117.0,1586.0,309.0,60.0,513.0,658.0,2676.0
403,1630648,00,0,4,0,30.0,1.0,11.0,0.090909,1.0,6.0,0.166666,2.0,2.0,1.0,2.0,6.0,8.0,0.0,1.0,0.0,1.0,0.0,5.0
404,1629678,00,0,71,3,837.0,89.0,221.0,0.402714,45.0,140.0,0.321428,22.0,30.0,0.733333,24.0,112.0,136.0,40.0,12.0,9.0,28.0,108.0,245.0
405,203471,00,0,621,267,16448.0,3287.0,7547.0,0.435537,721.0,2136.0,0.337546,1511.0,1814.0,0.832965,266.0,1563.0,1829.0,2907.0,515.0,82.0,1479.0,1263.0,8806.0
406,1630206,00,0,22,1,206.0,32.0,82.0,0.390243,8.0,30.0,0.266666,12.0,15.0,0.8,4.0,26.0,30.0,9.0,8.0,3.0,14.0,14.0,84.0
407,1630578,00,0,72,13,1489.0,249.0,525.0,0.474285,29.0,117.0,0.247863,165.0,232.0,0.711206,138.0,255.0,393.0,185.0,59.0,68.0,145.0,214.0,692.0
408,1629012,00,0,218,208,7179.0,1625.0,3548.0,0.458004,325.0,860.0,0.377906,781.0,944.0,0.82733,189.0,474.0,663.0,720.0,181.0,23.0,541.0,510.0,4356.0
409,1629013,00,0,262,83,6094.0,775.0,1889.0,0.410269,530.0,1359.0,0.389992,274.0,328.0,0.835365,54.0,418.0,472.0,423.0,116.0,39.0,176.0,482.0,2354.0
410,1630549,00,0,32,8,391.0,86.0,149.0,0.577181,2.0,7.0,0.285714,24.0,41.0,0.585365,81.0,79.0,160.0,17.0,10.0,15.0,30.0,60.0,198.0
411,1627783,00,0,400,306,11780.0,2408.0,4920.0,0.48943,388.0,1182.0,0.328257,1086.0,1404.0,0.773504,554.0,1968.0,2522.0,1241.0,371.0,271.0,713.0,1085.0,6290.0
412,1627732,00,0,275,275,9326.0,1784.0,3188.0,0.559598,5.0,34.0,0.147058,809.0,1354.0,0.597488,523.0,1694.0,2217.0,2127.0,464.0,199.0,925.0,777.0,4382.0
413,1630250,00,0,9,0,35.0,4.0,15.0,0.266666,1.0,5.0,0.2,8.0,11.0,0.727272,5.0,5.0,10.0,0.0,1.0,1.0,2.0,6.0,17.0
414,1629014,00,0,211,35,4375.0,763.0,1797.0,0.424596,384.0,979.0,0.392236,234.0,281.0,0.83274,68.0,388.0,456.0,420.0,75.0,24.0,230.0,350.0,2144.0
415,1630579,00,0,41,5,555.0,39.0,54.0,0.722222,0.0,0.0,0.0,12.0,29.0,0.413793,61.0,108.0,169.0,21.0,11.0,22.0,20.0,66.0,90.0
416,1630606,00,0,17,1,200.0,19.0,60.0,0.316666,8.0,27.0,0.296296,5.0,6.0,0.833333,5.0,19.0,24.0,16.0,6.0,3.0,11.0,12.0,51.0
417,203935,00,0,520,299,15484.0,1815.0,4747.0,0.382346,796.0,2477.0,0.321356,1012.0,1298.0,0.779661,435.0,1431.0,1866.0,2318.0,821.0,191.0,939.0,1333.0,5438.0
418,202397,00,0,719,167,14354.0,2334.0,5425.0,0.43023,301.0,925.0,0.325405,496.0,733.0,0.676671,263.0,1527.0,1790.0,2799.0,518.0,186.0,897.0,949.0,5465.0
419,1630188,00,0,78,9,1080.0,198.0,400.0,0.495,44.0,139.0,0.316546,83.0,109.0,0.761467,108.0,236.0,344.0,28.0,16.0,45.0,49.0,112.0,523.0
420,1630270,00,0,9,0,39.0,2.0,10.0,0.2,1.0,8.0,0.125,0.0,0.0,0.0,2.0,4.0,6.0,1.0,0.0,0.0,0.0,2.0,5.0
421,203503,00,0,601,310,13092.0,1335.0,3097.0,0.431062,728.0,1848.0,0.393939,274.0,324.0,0.845679,172.0,1199.0,1371.0,669.0,266.0,138.0,329.0,846.0,3672.0
422,1630531,00,0,2,0,6.0,1.0,1.0,1.0,0.0,0.0,0.0,0.0,0.0,0.0,1.0,1.0,2.0,0.0,0.0,2.0,1.0,0.0,2.0
423,203917,00,0,343,63,6700.0,770.0,1981.0,0.388692,400.0,1131.0,0.353669,350.0,431.0,0.812064,78.0,613.0,691.0,515.0,139.0,80.0,340.0,426.0,2290.0
424,202362,00,0,554,200,12681.0,1885.0,4240.0,0.444575,373.0,1189.0,0.313708,595.0,857.0,0.694282,344.0,1907.0,2251.0,1621.0,357.0,76.0,908.0,1086.0,4738.0
425,1630205,00,0,103,13,1514.0,218.0,455.0,0.47912,22.0,90.0,0.244444,90.0,126.0,0.714285,71.0,189.0,260.0,69.0,48.0,31.0,64.0,159.0,548.0
426,1630191,00,0,139,85,3270.0,476.0,899.0,0.529477,36.0,109.0,0.330275,138.0,195.0,0.707692,385.0,685.0,1070.0,141.0,61.0,164.0,152.0,395.0,1126.0
427,1629622,00,0,109,16,2100.0,336.0,754.0,0.445623,231.0,591.0,0.390862,59.0,78.0,0.75641,30.0,214.0,244.0,116.0,39.0,18.0,65.0,160.0,962.0
428,1630591,00,0,48,45,1307.0,198.0,548.0,0.361313,42.0,196.0,0.214285,126.0,163.0,0.773006,26.0,145.0,171.0,209.0,59.0,19.0,143.0,142.0,564.0
429,1630256,00,0,148,135,4099.0,679.0,1354.0,0.501477,123.0,397.0,0.309823,232.0,331.0,0.700906,267.0,527.0,794.0,400.0,157.0,77.0,237.0,508.0,1713.0
430,1628369,00,0,365,365,12183.0,2728.0,5979.0,0.456263,827.0,2158.0,0.383225,1357.0,1608.0,0.843905,319.0,2101.0,2420.0,1106.0,410.0,252.0,779.0,770.0,7640.0
431,1630678,00,0,33,7,714.0,135.0,220.0,0.613636,12.0,38.0,0.315789,36.0,51.0,0.705882,95.0,77.0,172.0,41.0,14.0,8.0,23.0,61.0,318.0
432,202066,00,0,691,287,14785.0,1570.0,3907.0,0.401842,691.0,2011.0,0.34361,560.0,757.0,0.739762,286.0,1334.0,1620.0,1188.0,572.0,234.0,640.0,1298.0,4391.0
433,1630179,00,0,13,0,59.0,6.0,17.0,0.352941,0.0,7.0,0.0,1.0,3.0,0.333333,0.0,6.0,6.0,6.0,5.0,0.0,2.0,3.0,13.0
434,1628464,00,0,306,147,5988.0,916.0,1682.0,0.544589,158.0,480.0,0.329166,327.0,453.0,0.721854,469.0,1040.0,1509.0,384.0,149.0,262.0,255.0,815.0,2317.0
435,1630271,00,0,44,1,459.0,47.0,126.0,0.373015,18.0,68.0,0.264705,34.0,51.0,0.666666,10.0,53.0,63.0,41.0,16.0,11.0,28.0,47.0,146.0
436,1630560,00,0,67,2,1176.0,218.0,503.0,0.433399,47.0,174.0,0.270114,87.0,105.0,0.828571,16.0,145.0,161.0,78.0,33.0,8.0,55.0,66.0,570.0
437,202738,00,0,550,362,15563.0,3167.0,7290.0,0.43443,1042.0,2876.0,0.362308,2339.0,2682.0,0.87211,283.0,1037.0,1320.0,2638.0,472.0,61.0,1242.0,1146.0,9715.0
438,1629744,00,0,126,1,1226.0,178.0,411.0,0.43309,109.0,270.0,0.403703,37.0,46.0,0.804347,19.0,136.0,155.0,61.0,22.0,4.0,38.0,74.0,502.0
439,202691,00,0,647,610,21279.0,4758.0,10395.0,0.45772,1912.0,4586.0,0.416921,1219.0,1435.0,0.849477,288.0,1967.0,2255.0,1504.0,577.0,349.0,1096.0,1367.0,12647.0
440,202684,00,0,730,478,19556.0,2654.0,5117.0,0.518663,10.0,38.0,0.263157,1274.0,2107.0,0.604651,2404.0,3716.0,6120.0,725.0,364.0,501.0,825.0,1655.0,6592.0
441,1630550,00,0,33,0,262.0,24.0,55.0,0.436363,7.0,27.0,0.259259,12.0,20.0,0.6,11.0,32.0,43.0,19.0,8.0,11.0,10.0,26.0,67.0
442,1629680,00,0,196,72,4271.0,364.0,808.0,0.450495,144.0,444.0,0.324324,67.0,102.0,0.656862,116.0,266.0,382.0,217.0,313.0,189.0,122.0,426.0,939.0
443,1629681,00,0,54,4,642.0,62.0,184.0,0.336956,37.0,119.0,0.310924,14.0,19.0,0.736842,27.0,57.0,84.0,30.0,28.0,23.0,15.0,78.0,175.0
444,1630214,00,0,112,14,1785.0,265.0,515.0,0.514563,32.0,114.0,0.280701,80.0,124.0,0.645161,140.0,277.0,417.0,137.0,93.0,48.0,79.0,179.0,642.0
445,1630225,00,0,12,0,74.0,7.0,26.0,0.26923,4.0,16.0,0.25,2.0,6.0,0.333333,3.0,9.0,12.0,4.0,4.0,2.0,4.0,4.0,20.0
446,1630167,00,0,134,10,1913.0,355.0,682.0,0.520527,78.0,254.0,0.307086,113.0,150.0,0.753333,95.0,311.0,406.0,106.0,42.0,48.0,79.0,157.0,901.0
447,1629308,00,0,139,28,2374.0,265.0,507.0,0.522682,73.0,202.0,0.361386,65.0,106.0,0.613207,66.0,397.0,463.0,303.0,102.0,48.0,145.0,256.0,668.0
448,1626157,00,0,482,482,16471.0,4130.0,7830.0,0.527458,779.0,1961.0,0.397246,2131.0,2559.0,0.832747,1448.0,4017.0,5465.0,1486.0,389.0,663.0,1290.0,1633.0,11170.0
449,1629018,00,0,204,116,5692.0,982.0,2362.0,0.415749,491.0,1263.0,0.388756,297.0,362.0,0.820441,79.0,375.0,454.0,287.0,227.0,47.0,141.0,330.0,2752.0
450,200782,00,0,777,581,22530.0,2014.0,4736.0,0.425253,809.0,2223.0,0.363922,699.0,935.0,0.747593,1177.0,3213.0,4390.0,1149.0,887.0,240.0,763.0,1910.0,5536.0
451,1629730,00,0,39,0,300.0,35.0,70.0,0.5,9.0,29.0,0.310344,38.0,49.0,0.77551,7.0,32.0,39.0,21.0,7.0,1.0,13.0,23.0,117.0
452,1626167,00,0,431,398,12379.0,2068.0,4230.0,0.488888,391.0,1121.0,0.348795,958.0,1247.0,0.768243,615.0,2264.0,2879.0,513.0,311.0,984.0,574.0,1251.0,5485.0
453,202685,00,0,695,666,18141.0,3703.0,6577.0,0.563022,155.0,432.0,0.358796,1758.0,2239.0,0.785171,1953.0,4618.0,6571.0,824.0,290.0,702.0,1141.0,1982.0,9319.0
454,1627832,00,0,348,199,9863.0,1616.0,3996.0,0.404404,793.0,2078.0,0.381616,730.0,849.0,0.859835,144.0,961.0,1105.0,1704.0,439.0,131.0,557.0,689.0,4755.0
455,1629020,00,0,166,97,3136.0,369.0,624.0,0.591346,3.0,21.0,0.142857,151.0,245.0,0.616326,343.0,681.0,1024.0,175.0,172.0,94.0,141.0,318.0,892.0
456,1630170,00,0,133,39,2993.0,449.0,1067.0,0.420805,189.0,530.0,0.356603,126.0,150.0,0.84,68.0,412.0,480.0,192.0,119.0,59.0,80.0,231.0,1213.0
457,1629216,00,0,127,34,2327.0,310.0,783.0,0.395913,171.0,499.0,0.342685,64.0,77.0,0.831168,32.0,155.0,187.0,283.0,88.0,14.0,133.0,243.0,855.0
458,202696,00,0,741,680,22869.0,5397.0,10936.0,0.493507,556.0,1596.0,0.34837,1203.0,1590.0,0.756603,1887.0,5844.0,7731.0,2037.0,650.0,675.0,1292.0,1825.0,12553.0
459,1629731,00,0,126,47,2264.0,242.0,541.0,0.447319,131.0,359.0,0.364902,50.0,70.0,0.714285,72.0,312.0,384.0,128.0,66.0,32.0,49.0,174.0,665.0
460,1630532,00,0,79,79,2429.0,456.0,975.0,0.467692,96.0,271.0,0.354243,189.0,219.0,0.863013,84.0,272.0,356.0,231.0,68.0,34.0,119.0,164.0,1197.0
461,1629021,00,0,196,37,2963.0,517.0,1062.0,0.486817,144.0,449.0,0.320712,296.0,364.0,0.813186,142.0,540.0,682.0,217.0,85.0,63.0,204.0,440.0,1474.0
462,1630688,00,0,45,0,359.0,41.0,104.0,0.39423,19.0,59.0,0.322033,7.0,12.0,0.583333,27.0,27.0,54.0,15.0,20.0,6.0,13.0,49.0,108.0
463,202689,00,0,741,696,24666.0,4975.0,11897.0,0.418172,1663.0,4614.0,0.360424,2801.0,3333.0,0.840384,415.0,2400.0,2815.0,3919.0,921.0,280.0,1570.0,1100.0,14414.0
464,1629022,00,0,208,56,4240.0,735.0,1776.0,0.413851,257.0,749.0,0.343124,225.0,289.0,0.778546,55.0,437.0,492.0,330.0,112.0,51.0,184.0,284.0,1952.0
465,202322,00,0,613,601,21832.0,4235.0,9833.0,0.430692,618.0,1912.0,0.323221,2614.0,3355.0,0.779135,347.0,2265.0,2612.0,5557.0,1018.0,427.0,2332.0,1335.0,11702.0
466,203933,00,0,332,236,9554.0,2124.0,4191.0,0.5068,247.0,692.0,0.356936,647.0,830.0,0.779518,449.0,923.0,1372.0,397.0,327.0,168.0,341.0,791.0,5142.0
467,1629023,00,0,187,146,5481.0,820.0,1807.0,0.45379,308.0,821.0,0.375152,254.0,362.0,0.701657,233.0,838.0,1071.0,431.0,177.0,184.0,303.0,481.0,2202.0
468,1630613,00,0,48,7,968.0,173.0,427.0,0.405152,81.0,215.0,0.376744,46.0,61.0,0.754098,4.0,79.0,83.0,85.0,26.0,3.0,57.0,66.0,473.0
469,1629139,00,0,121,8,1447.0,165.0,403.0,0.409429,68.0,193.0,0.352331,58.0,87.0,0.666666,65.0,237.0,302.0,74.0,46.0,37.0,46.0,115.0,456.0
470,1630322,00,0,25,1,465.0,71.0,175.0,0.405714,53.0,146.0,0.363013,4.0,5.0,0.8,6.0,67.0,73.0,24.0,19.0,8.0,11.0,31.0,199.0
471,1630570,00,0,48,10,869.0,142.0,267.0,0.531835,9.0,38.0,0.236842,71.0,94.0,0.755319,57.0,142.0,199.0,81.0,25.0,28.0,44.0,116.0,364.0
472,1629683,00,0,42,0,272.0,33.0,73.0,0.452054,3.0,16.0,0.1875,19.0,23.0,0.826086,6.0,26.0,32.0,24.0,12.0,4.0,18.0,41.0,88.0
473,201566,00,0,1021,1004,35424.0,8322.0,19005.0,0.437884,1142.0,3746.0,0.304858,5512.0,7038.0,0.783177,1690.0,5851.0,7541.0,8611.0,1699.0,313.0,4188.0,2686.0,23298.0
474,1629632,00,0,195,72,5505.0,966.0,2338.0,0.413173,432.0,1183.0,0.365173,308.0,362.0,0.850828,73.0,623.0,696.0,679.0,116.0,32.0,335.0,433.0,2672.0
475,1628401,00,0,263,159,6806.0,1052.0,2381.0,0.441831,334.0,983.0,0.339776,589.0,703.0,0.837837,126.0,738.0,864.0,1006.0,205.0,203.0,356.0,568.0,3027.0
476,202355,00,0,511,332,12646.0,2687.0,4583.0,0.586297,8.0,26.0,0.307692,1068.0,1765.0,0.605099,1608.0,3915.0,5523.0,326.0,271.0,1143.0,756.0,1341.0,6450.0
477,1630580,00,0,29,0,205.0,20.0,56.0,0.357142,14.0,43.0,0.325581,7.0,13.0,0.538461,4.0,10.0,14.0,9.0,4.0,3.0,2.0,14.0,61.0
478,1630598,00,0,50,35,1209.0,156.0,337.0,0.462908,42.0,138.0,0.304347,62.0,85.0,0.729411,51.0,127.0,178.0,68.0,30.0,10.0,54.0,93.0,416.0
479,203952,00,0,598,598,20936.0,4284.0,9565.0,0.447882,837.0,2392.0,0.349916,2114.0,2924.0,0.722982,739.0,1910.0,2649.0,1393.0,595.0,399.0,1191.0,1298.0,11519.0
480,1629623,00,0,19,0,199.0,26.0,61.0,0.426229,9.0,26.0,0.346153,19.0,35.0,0.542857,3.0,22.0,25.0,23.0,5.0,1.0,12.0,17.0,80.0
481,1630314,00,0,24,16,640.0,105.0,282.0,0.37234,31.0,106.0,0.292452,68.0,97.0,0.70103,19.0,55.0,74.0,94.0,24.0,10.0,58.0,52.0,309.0
482,1629684,00,0,209,35,4056.0,400.0,890.0,0.449438,178.0,483.0,0.36853,155.0,200.0,0.775,171.0,459.0,630.0,210.0,100.0,117.0,168.0,510.0,1133.0
483,1629026,00,0,200,60,4410.0,523.0,1154.0,0.453206,170.0,491.0,0.346232,88.0,163.0,0.539877,265.0,633.0,898.0,400.0,171.0,67.0,180.0,407.0,1304.0
484,101150,00,0,1123,122,27102.0,5047.0,12045.0,0.419012,1457.0,4146.0,0.351423,4042.0,4803.0,0.841557,431.0,2053.0,2484.0,3789.0,952.0,192.0,1896.0,1439.0,15593.0
485,1630172,00,0,88,80,2406.0,309.0,630.0,0.490476,69.0,167.0,0.413173,121.0,166.0,0.728915,83.0,313.0,396.0,114.0,73.0,55.0,114.0,154.0,808.0
486,1630533,00,0,62,31,1346.0,191.0,424.0,0.450471,76.0,242.0,0.314049,43.0,55.0,0.781818,26.0,103.0,129.0,65.0,35.0,12.0,41.0,113.0,501.0
487,1629057,00,0,174,77,3460.0,557.0,765.0,0.728104,0.0,3.0,0.0,141.0,212.0,0.665094,438.0,717.0,1155.0,249.0,130.0,300.0,146.0,329.0,1255.0
488,1629627,00,0,85,85,2694.0,844.0,1397.0,0.604151,16.0,48.0,0.333333,483.0,707.0,0.683168,231.0,360.0,591.0,276.0,73.0,48.0,226.0,177.0,2187.0
489,1629685,00,0,81,0,972.0,94.0,228.0,0.41228,47.0,147.0,0.319727,36.0,45.0,0.8,41.0,155.0,196.0,67.0,33.0,15.0,48.0,84.0,271.0
490,1626159,00,0,315,117,8131.0,1040.0,2520.0,0.412698,215.0,683.0,0.314787,338.0,533.0,0.634146,315.0,1300.0,1615.0,792.0,277.0,126.0,457.0,705.0,2633.0
491,1630216,00,0,29,0,137.0,18.0,44.0,0.40909,10.0,23.0,0.434782,9.0,10.0,0.9,0.0,10.0,10.0,19.0,2.0,1.0,8.0,17.0,55.0
492,1630164,00,0,39,27,836.0,191.0,368.0,0.519021,12.0,38.0,0.315789,54.0,86.0,0.627906,55.0,171.0,226.0,26.0,11.0,36.0,60.0,121.0,448.0
493,1626174,00,0,222,122,5246.0,1152.0,2219.0,0.519152,275.0,724.0,0.379834,577.0,864.0,0.667824,334.0,1287.0,1621.0,299.0,137.0,190.0,316.0,396.0,3156.0
494,1630218,00,0,25,0,88.0,10.0,36.0,0.277777,2.0,10.0,0.2,5.0,10.0,0.5,9.0,18.0,27.0,5.0,1.0,4.0,2.0,7.0,27.0
495,1626153,00,0,411,70,8577.0,1080.0,2384.0,0.45302,276.0,779.0,0.3543,516.0,646.0,0.798761,322.0,996.0,1318.0,1246.0,474.0,148.0,397.0,446.0,2952.0
496,1630589,00,0,4,0,15.0,1.0,4.0,0.25,0.0,1.0,0.0,3.0,3.0,1.0,1.0,2.0,3.0,2.0,0.0,1.0,0.0,0.0,5.0
497,1630593,00,0,5,0,19.0,2.0,3.0,0.666666,1.0,2.0,0.5,0.0,0.0,0.0,0.0,0.0,0.0,3.0,0.0,0.0,1.0,1.0,5.0
498,1628221,00,0,2,0,21.0,2.0,7.0,0.285714,1.0,6.0,0.166666,3.0,5.0,0.6,0.0,2.0,2.0,4.0,2.0,1.0,1.0,4.0,8.0
499,201152,00,0,1085,711,31778.0,5970.0,11896.0,0.501849,515.0,1552.0,0.331829,1393.0,2102.0,0.662702,2179.0,4166.0,6345.0,2003.0,1535.0,448.0,1584.0,2349.0,13848.0
500,1629027,00,0,280,280,9400.0,2269.0,5161.0,0.439643,730.0,2057.0,0.354885,1808.0,2072.0,0.872586,184.0,901.0,1085.0,2544.0,262.0,42.0,1161.0,483.0,7076.0
501,1630209,00,0,56,12,706.0,130.0,247.0,0.526315,1.0,11.0,0.090909,38.0,61.0,0.62295,85.0,209.0,294.0,49.0,17.0,20.0,41.0,84.0,299.0
502,1627826,00,0,360,227,6844.0,1202.0,2013.0,0.597118,1.0,10.0,0.1,596.0,790.0,0.75443,804.0,1546.0,2350.0,410.0,112.0,304.0,382.0,808.0,3001.0
