PERSON_ID,DISPLAY_FIRST_LAST,TEAM_NAME,POSITION,HEIGHT,WEIGHT,COUNTRY,BIRTHDATE,SEASON_EXP,DRAFT_NUMBER,GP,MIN,PTS,REB,AST,STL,BLK,GAME_DATE,SALARY
1630173,Precious Achiuwa,Raptors,Forward,6-8,225,Nigeria,1999-09-19T00:00:00,1,20,134,18.4,7.2,5.1,0.8,0.4,0.5,APR 18 2022 07:30 PM,2711280
203500,Steven Adams,Grizzlies,Center,6-11,265,New Zealand,1993-07-20T00:00:00,8,12,664,17811.0,6157.0,5303.0,982.0,588.0,629.0,APR 19 2022 08:30 PM,17073171
1628389,Bam Adebayo,Heat,Center-Forward,6-9,255,USA,1997-07-18T00:00:00,4,14,343,9666.0,4617.0,2850.0,1189.0,340.0,309.0,APR 19 2022 07:30 PM,28103550
1630583,Santi Aldama,Grizzlies,Forward-Center,6-11,215,Spain,2001-01-10T00:00:00,0,30,32,360.0,132.0,87.0,21.0,6.0,10.0,APR 19 2022 08:30 PM,1994520
200746,LaMarcus Aldridge,Nets,Center-Forward,6-11,250,USA,1985-07-19T00:00:00,15,2,1076,36242.0,20558.0,8736.0,2076.0,758.0,1187.0,APR 20 2022 07:00 PM,2641691
1629638,Nickeil Alexander-Walker,Jazz,Guard,6-5,205,Canada,1998-09-02T00:00:00,2,17,158,3064.0,1467.0,415.0,347.0,110.0,53.0,APR 18 2022 08:30 PM,3261480
1628960,Grayson Allen,Bucks,Guard,6-4,198,USA,1995-10-08T00:00:00,3,21,192,4199.0,1806.0,490.0,285.0,108.0,34.0,APR 20 2022 09:30 PM,4054695
1628386,Jarrett Allen,Cavaliers,Center,6-10,243,USA,1998-04-21T00:00:00,4,22,341,9062.0,3945.0,2964.0,467.0,187.0,465.0,Empty,20000000
1630631,Jose Alvarado,Pelicans,Guard,6-0,179,USA,1998-04-12T00:00:00,0,Undrafted,54,834.0,330.0,100.0,152.0,71.0,7.0,APR 19 2022 10:00 PM,1500000
203937,Kyle Anderson,Grizzlies,Forward-Guard,6-9,230,USA,1993-09-20T00:00:00,7,30,505,10584.0,3366.0,2220.0,1167.0,510.0,298.0,APR 19 2022 08:30 PM,9937150
203507,Giannis Antetokounmpo,Bucks,Forward,6-11,242,Greece,1994-12-06T00:00:00,8,15,656,21354.0,14321.0,6149.0,3020.0,764.0,856.0,APR 20 2022 09:30 PM,39344970
203648,Thanasis Antetokounmpo,Bucks,Forward,6-6,219,Greece,1992-07-18T00:00:00,3,51,127,1159.0,398.0,250.0,83.0,45.0,24.0,APR 20 2022 09:30 PM,1729217
2546,Carmelo Anthony,Lakers,Forward,6-7,238,USA,1984-05-29T00:00:00,18,3,1260,43514.0,28289.0,7808.0,3422.0,1223.0,644.0,Empty,2641691
1630175,Cole Anthony,Magic,Guard,6-3,185,USA,2000-05-15T00:00:00,1,15,112,3332.0,1667.0,569.0,561.0,76.0,35.0,Empty,3449400
1628384,OG Anunoby,Raptors,Forward,6-7,232,United Kingdom,1997-07-17T00:00:00,4,23,301,8061.0,3144.0,1246.0,429.0,331.0,138.0,APR 18 2022 07:30 PM,16071429
1627853,Ryan Arcidiacono,Knicks,Guard,6-3,195,USA,1994-03-26T00:00:00,4,Undrafted,217,3722.0,1005.0,429.0,460.0,115.0,7.0,Empty,586136
201571,D.J. Augustin,Lakers,Guard,5-11,183,USA,1987-11-10T00:00:00,13,9,976,22852.0,9259.0,1805.0,3761.0,567.0,32.0,Empty,7622467
1630166,Deni Avdija,Wizards,Forward,6-9,210,Israel,2001-01-03T00:00:00,1,9,136,3241.0,1027.0,687.0,230.0,91.0,59.0,Empty,4692840
1629028,Deandre Ayton,Suns,Center,6-11,250,Bahamas,1998-07-23T00:00:00,3,1,236,7246.0,3843.0,2485.0,380.0,168.0,246.0,APR 19 2022 10:00 PM,12632950
1628962,Udoka Azubuike,Jazz,Center-Forward,7-0,270,Nigeria,1999-09-17T00:00:00,1,27,32,252.0,96.0,84.0,0.0,2.0,15.0,APR 18 2022 08:30 PM,2075880
1628963,Marvin Bagley III,Pistons,Forward,6-11,235,USA,1999-03-14T00:00:00,3,2,166,4159.0,2256.0,1224.0,151.0,82.0,110.0,Empty,11312114
1630163,LaMelo Ball,Hornets,Guard,6-7,180,USA,2001-08-22T00:00:00,1,3,126,3891.0,2311.0,803.0,884.0,200.0,48.0,Empty,8231760
1628366,Lonzo Ball,Bulls,Guard,6-6,190,USA,1997-10-27T00:00:00,4,2,252,8187.0,2995.0,1447.0,1563.0,391.0,162.0,APR 20 2022 09:30 PM,18604651
1628964,Mo Bamba,Magic,Center,7-0,231,USA,1998-05-12T00:00:00,3,6,226,4193.0,1747.0,1372.0,201.0,88.0,326.0,Empty,7568742
1630217,Desmond Bane,Grizzlies,Guard,6-5,215,USA,1998-06-25T00:00:00,1,30,144,3785.0,2009.0,544.0,326.0,133.0,45.0,APR 19 2022 08:30 PM,2033160
1630625,Dalano Banton,Raptors,Forward,6-7,204,Canada,1999-11-07T00:00:00,0,46,64,696.0,205.0,124.0,99.0,28.0,10.0,APR 18 2022 07:30 PM,925258
203084,Harrison Barnes,Kings,Forward,6-8,225,USA,1992-05-30T00:00:00,9,7,747,23763.0,10566.0,3817.0,1376.0,522.0,142.0,Empty,20284091
1630567,Scottie Barnes,Raptors,Forward,6-7,225,USA,2001-08-01T00:00:00,0,4,74,2617.0,1134.0,557.0,256.0,80.0,55.0,APR 18 2022 07:30 PM,7280520
1629628,RJ Barrett,Knicks,Forward-Guard,6-6,214,Canada,2000-06-14T00:00:00,2,3,198,6633.0,3469.0,1101.0,568.0,151.0,53.0,Empty,8623920
203115,Will Barton,Nuggets,Guard,6-5,181,USA,1991-01-06T00:00:00,9,40,623,16123.0,7246.0,2655.0,1705.0,476.0,259.0,APR 18 2022 10:00 PM,15384615
1629646,Charles Bassey,76ers,Center-Forward,6-9,230,Nigeria,2000-10-28T00:00:00,0,53,23,168.0,69.0,62.0,7.0,5.0,17.0,APR 18 2022 07:30 PM,925258
1628966,Keita Bates-Diop,Spurs,Forward,6-8,229,USA,1996-01-23T00:00:00,3,48,163,2449.0,853.0,490.0,100.0,75.0,57.0,Empty,1729217
201587,Nicolas Batum,Clippers,Guard-Forward,6-8,230,France,1988-12-14T00:00:00,13,25,915,28029.0,10149.0,4707.0,3215.0,874.0,579.0,Empty,12213507
203145,Kent Bazemore,Lakers,Guard-Forward,6-4,195,USA,1989-07-01T00:00:00,9,Undrafted,657,13546.0,5414.0,2072.0,1154.0,658.0,309.0,Empty,2401537
1629647,Darius Bazley,Thunder,Forward,6-8,208,USA,2000-06-12T00:00:00,2,23,185,4768.0,1841.0,1078.0,237.0,110.0,136.0,Empty,2513040
203078,Bradley Beal,Wizards,Guard,6-4,207,USA,1993-06-28T00:00:00,9,3,645,22418.0,14231.0,2641.0,2701.0,727.0,251.0,Empty,34502130
1627736,Malik Beasley,Timberwolves,Guard,6-4,187,USA,1996-11-26T00:00:00,5,19,336,7025.0,3488.0,825.0,418.0,190.0,44.0,APR 19 2022 08:30 PM,14391964
202722,Davis Bertans,Mavericks,Forward,6-10,225,Latvia,1992-11-12T00:00:00,5,42,387,7379.0,3165.0,1045.0,392.0,168.0,147.0,APR 18 2022 08:30 PM,16000000
201976,Patrick Beverley,Timberwolves,Guard,6-1,180,USA,1988-07-12T00:00:00,9,42,526,14410.0,4654.0,2243.0,1839.0,602.0,271.0,APR 19 2022 08:30 PM,14320988
1630180,Saddiq Bey,Pistons,Forward,6-7,215,USA,1999-04-09T00:00:00,1,19,152,4613.0,2178.0,759.0,328.0,125.0,30.0,Empty,2824320
203920,Khem Birch,Raptors,Center,6-9,233,Canada,1992-09-28T00:00:00,4,Undrafted,262,4664.0,1359.0,1216.0,267.0,131.0,149.0,APR 18 2022 07:30 PM,6350000
1629048,Goga Bitadze,Pacers,Center-Forward,7-0,250,Georgia,1999-07-20T00:00:00,2,18,149,1762.0,752.0,433.0,115.0,40.0,139.0,Empty,3098400
202687,Bismack Biyombo,Suns,Center,6-8,255,DRC,1992-08-28T00:00:00,10,7,738,14720.0,3814.0,4482.0,442.0,188.0,952.0,APR 19 2022 10:00 PM,1366392
202357,Nemanja Bjelica,Warriors,Forward,6-9,234,Serbia,1988-05-09T00:00:00,6,35,449,9172.0,3412.0,2051.0,825.0,288.0,184.0,APR 18 2022 10:00 PM,2089448
202339,Eric Bledsoe,Trail Blazers,Guard,6-1,214,USA,1989-12-09T00:00:00,11,18,756,21020.0,10348.0,2937.0,3545.0,1028.0,344.0,Empty,18125000
1629833,Keljin Blevins,Trail Blazers,Guard,6-4,200,USA,1995-11-24T00:00:00,1,,48,424.0,107.0,55.0,23.0,15.0,1.0,Empty,0
203992,Bogdan Bogdanovic,Hawks,Guard,6-6,225,Serbia,1992-08-18T00:00:00,4,27,316,9042.0,4501.0,1083.0,1073.0,325.0,73.0,APR 19 2022 07:30 PM,18000000
202711,Bojan Bogdanovic,Jazz,Forward,6-7,226,Croatia,1989-04-18T00:00:00,7,31,603,17519.0,9043.0,2184.0,945.0,334.0,42.0,APR 18 2022 08:30 PM,18700000
1629626,Bol Bol,Magic,Center-Forward,7-2,220,Sudan,1999-11-16T00:00:00,2,44,53,327.0,142.0,63.0,18.0,6.0,18.0,Empty,2161152
1630195,Leandro Bolmaro,Timberwolves,Forward,6-6,200,Argentina,2000-09-11T00:00:00,0,23,35,241.0,50.0,43.0,21.0,6.0,0.0,APR 19 2022 08:30 PM,2353320
1629067,Isaac Bonga,Raptors,Guard,6-8,180,Germany,1999-11-08T00:00:00,3,39,143,1870.0,439.0,320.0,118.0,73.0,37.0,APR 18 2022 07:30 PM,1729217
1626164,Devin Booker,Suns,Guard,6-5,206,USA,1996-10-30T00:00:00,6,13,477,16072.0,11217.0,1865.0,2228.0,398.0,128.0,APR 19 2022 10:00 PM,31610000
1630527,Brandon Boston Jr.,Clippers,Guard,6-6,188,USA,2001-11-28T00:00:00,0,51,51,760.0,343.0,111.0,51.0,26.0,13.0,Empty,925258
1628449,Chris Boucher,Raptors,Forward-Center,6-9,200,Saint Lucia,1993-01-11T00:00:00,4,Undrafted,231,4126.0,2076.0,1232.0,116.0,112.0,271.0,APR 18 2022 07:30 PM,7009615
1630547,James Bouknight,Hornets,Guard,6-4,190,USA,2000-09-18T00:00:00,0,11,31,304.0,142.0,52.0,26.0,7.0,1.0,Empty,4154400
202340,Avery Bradley,Lakers,Guard,6-3,180,USA,1990-11-26T00:00:00,11,19,660,18152.0,7279.0,1863.0,1105.0,655.0,128.0,Empty,2641691
1628396,Tony Bradley,Bulls,Center-Forward,6-10,248,USA,1998-01-08T00:00:00,4,28,167,1961.0,773.0,718.0,89.0,41.0,98.0,APR 20 2022 09:30 PM,1789256
1629649,Ignas Brazdeikis,Magic,Forward,6-6,221,Canada,1999-01-08T00:00:00,2,47,64,838.0,318.0,122.0,58.0,14.0,7.0,Empty,0
1628969,Mikal Bridges,Suns,Forward,6-6,209,USA,1996-08-30T00:00:00,3,10,309,9661.0,3483.0,1212.0,639.0,403.0,183.0,APR 19 2022 10:00 PM,5557725
1628970,Miles Bridges,Hornets,Forward,6-7,225,USA,1998-03-21T00:00:00,3,12,291,8461.0,3893.0,1641.0,656.0,213.0,216.0,Empty,5421493
1629052,Oshae Brissett,Pacers,Forward-Guard,6-7,210,Canada,1998-06-20T00:00:00,2,Undrafted,107,2218.0,879.0,499.0,97.0,67.0,50.0,Empty,1701593
1627763,Malcolm Brogdon,Pacers,Guard,6-5,229,USA,1992-12-11T00:00:00,5,36,333,10052.0,5159.0,1398.0,1596.0,285.0,77.0,Empty,21700000
1629717,Armoni Brooks,Raptors,Guard,6-3,195,USA,1998-06-05T00:00:00,1,,74,1364.0,511.0,171.0,92.0,40.0,16.0,APR 18 2022 07:30 PM,1625991
1628415,Dillon Brooks,Grizzlies,Guard-Forward,6-7,225,Canada,1996-01-22T00:00:00,4,45,272,7674.0,3955.0,829.0,546.0,260.0,82.0,APR 19 2022 08:30 PM,12200000
1628971,Bruce Brown,Nets,Guard-Forward,6-4,202,USA,1996-08-15T00:00:00,3,42,269,6309.0,2056.0,1153.0,573.0,238.0,145.0,APR 20 2022 07:00 PM,4736102
1627759,Jaylen Brown,Celtics,Guard-Forward,6-6,223,USA,1996-10-24T00:00:00,5,3,403,11559.0,6644.0,1994.0,822.0,381.0,146.0,APR 20 2022 07:00 PM,24830357
1629650,Moses Brown,Cavaliers,Center,7-2,245,USA,1999-10-13T00:00:00,2,Undrafted,92,1297.0,552.0,532.0,12.0,39.0,64.0,Empty,1720779
1628425,Sterling Brown,Mavericks,Guard-Forward,6-5,219,USA,1995-02-10T00:00:00,4,46,264,4435.0,1431.0,883.0,266.0,137.0,47.0,APR 18 2022 08:30 PM,3000000
1630535,Greg Brown III,Trail Blazers,Forward,6-7,206,USA,2001-09-01T00:00:00,0,43,48,640.0,225.0,135.0,35.0,26.0,24.0,Empty,925258
1629718,Charlie Brown Jr.,76ers,Guard,6-6,199,USA,1997-02-02T00:00:00,2,Undrafted,41,370.0,90.0,53.0,17.0,16.0,8.0,APR 18 2022 07:30 PM,0
1630602,Chaundee Brown Jr.,Hawks,Forward,6-5,215,USA,1998-12-04T00:00:00,0,Undrafted,5,104.0,31.0,16.0,4.0,2.0,0.0,APR 19 2022 07:30 PM,0
1628972,Troy Brown Jr.,Bulls,Guard-Forward,6-6,215,USA,1999-07-28T00:00:00,3,15,221,4090.0,1408.0,836.0,353.0,152.0,23.0,APR 20 2022 09:30 PM,5170564
1628973,Jalen Brunson,Mavericks,Guard,6-1,190,USA,1996-08-31T00:00:00,3,33,277,6835.0,3286.0,843.0,1034.0,160.0,12.0,APR 18 2022 08:30 PM,1802057
1628418,Thomas Bryant,Wizards,Center-Forward,6-10,248,USA,1997-07-31T00:00:00,4,42,170,3425.0,1733.0,971.0,219.0,61.0,147.0,Empty,8730159
203493,Reggie Bullock,Mavericks,Guard-Forward,6-6,205,USA,1991-03-16T00:00:00,8,25,434,9775.0,3382.0,1095.0,524.0,252.0,63.0,APR 18 2022 08:30 PM,9536000
203504,Trey Burke,Mavericks,Guard,6-0,185,USA,1992-11-12T00:00:00,8,9,498,10401.0,4792.0,878.0,1522.0,274.0,52.0,APR 18 2022 08:30 PM,3333333
202692,Alec Burks,Knicks,Guard,6-6,214,USA,1991-07-20T00:00:00,10,12,625,14378.0,6649.0,2210.0,1264.0,438.0,132.0,Empty,9536000
1630215,Jared Butler,Jazz,Guard,6-3,193,USA,2000-08-25T00:00:00,0,40,42,360.0,161.0,45.0,63.0,17.0,8.0,APR 18 2022 08:30 PM,925258
202710,Jimmy Butler,Heat,Forward,6-7,230,USA,1989-09-14T00:00:00,10,30,690,22863.0,12222.0,3658.0,2836.0,1127.0,323.0,APR 19 2022 07:30 PM,36016200
1629719,Devontae Cacok,Spurs,Forward,6-7,240,USA,1996-10-08T00:00:00,2,Undrafted,36,228.0,91.0,79.0,8.0,13.0,11.0,Empty,364533
203484,Kentavious Caldwell-Pope,Wizards,Guard,6-5,204,USA,1993-02-18T00:00:00,8,8,683,19972.0,7911.0,2148.0,1150.0,748.0,154.0,Empty,13038862
1630267,Facundo Campazzo,Nuggets,Guard,5-10,195,Argentina,1991-03-23T00:00:00,1,Undrafted,130,2609.0,728.0,251.0,452.0,142.0,37.0,APR 18 2022 10:00 PM,3804150
1628427,Vlatko Cancar,Nuggets,Forward,6-8,236,Slovenia,1997-04-10T00:00:00,2,49,70,503.0,164.0,91.0,34.0,14.0,6.0,APR 18 2022 10:00 PM,1782621
1629962,Devin Cannady,Magic,Guard,6-2,183,USA,1996-05-21T00:00:00,1,,13,219.0,84.0,11.0,11.0,10.0,4.0,Empty,100000
203991,Clint Capela,Hawks,Center,6-10,256,Switzerland,1994-05-18T00:00:00,7,25,471,12614.0,5851.0,5023.0,465.0,328.0,713.0,APR 19 2022 07:30 PM,17103448
1630176,Vernon Carey Jr.,Wizards,Forward-Center,6-9,270,USA,2001-02-25T00:00:00,1,32,26,159.0,66.0,39.0,2.0,3.0,6.0,Empty,1517981
1628975,Jevon Carter,Bucks,Guard,6-1,200,USA,1995-09-14T00:00:00,3,32,223,3144.0,984.0,386.0,320.0,126.0,51.0,APR 20 2022 09:30 PM,4107149
1628976,Wendell Carter Jr.,Magic,Center-Forward,6-10,270,USA,1999-04-16T00:00:00,3,7,203,5593.0,2476.0,1803.0,404.0,130.0,179.0,Empty,6920027
1627936,Alex Caruso,Bulls,Guard,6-5,186,USA,1994-02-28T00:00:00,4,Undrafted,225,4631.0,1386.0,573.0,601.0,252.0,67.0,APR 20 2022 09:30 PM,8604651
1630551,Justin Champagnie,Raptors,Guard-Forward,6-6,206,USA,2001-06-29T00:00:00,0,Undrafted,36,281.0,81.0,72.0,11.0,8.0,4.0,APR 18 2022 07:30 PM,0
1629185,Chris Chiozza,Warriors,Guard,5-11,175,USA,1995-11-21T00:00:00,3,Undrafted,91,1038.0,303.0,117.0,217.0,42.0,11.0,APR 18 2022 10:00 PM,0
1627737,Marquese Chriss,Mavericks,Forward,6-9,240,USA,1997-07-02T00:00:00,5,8,292,5338.0,2206.0,1366.0,298.0,187.0,227.0,APR 18 2022 08:30 PM,958529
1630528,Josh Christopher,Rockets,Guard,6-3,215,USA,2001-12-08T00:00:00,0,24,74,1334.0,587.0,186.0,150.0,65.0,13.0,Empty,2259240
1629109,Gary Clark,Pelicans,Forward,6-6,225,USA,1994-11-16T00:00:00,3,Undrafted,170,2239.0,524.0,431.0,84.0,52.0,62.0,APR 19 2022 10:00 PM,377645
1629634,Brandon Clarke,Grizzlies,Forward,6-8,215,Canada,1996-09-19T00:00:00,2,21,181,3961.0,1976.0,1015.0,262.0,131.0,167.0,APR 19 2022 08:30 PM,2726880
203903,Jordan Clarkson,Jazz,Guard,6-4,194,USA,1992-06-07T00:00:00,7,46,600,16190.0,9216.0,1971.0,1526.0,515.0,88.0,APR 18 2022 08:30 PM,12420000
1629651,Nic Claxton,Nets,Forward-Center,6-11,215,USA,1999-04-17T00:00:00,2,31,94,1755.0,688.0,474.0,87.0,48.0,99.0,APR 20 2022 07:00 PM,1782621
1629599,Amir Coffey,Clippers,Guard-Forward,6-7,210,USA,1997-06-17T00:00:00,2,Undrafted,131,2121.0,817.0,257.0,160.0,53.0,17.0,Empty,153488
1628381,John Collins,Hawks,Forward-Center,6-9,226,USA,1997-09-23T00:00:00,4,19,293,8487.0,4837.0,2441.0,455.0,167.0,304.0,APR 19 2022 07:30 PM,23000000
1628380,Zach Collins,Spurs,Forward-Center,6-11,250,USA,1997-11-19T00:00:00,3,10,182,3193.0,1099.0,767.0,200.0,60.0,125.0,Empty,6984127
201144,Mike Conley,Jazz,Guard,6-1,175,USA,1987-10-11T00:00:00,14,4,958,30618.0,14221.0,2872.0,5407.0,1363.0,197.0,APR 18 2022 08:30 PM,21000000
1626192,Pat Connaughton,Bucks,Guard,6-5,209,USA,1993-01-06T00:00:00,6,41,417,7717.0,2469.0,1392.0,521.0,197.0,118.0,APR 20 2022 09:30 PM,5333333
1629076,Tyler Cook,Bulls,Forward,6-8,255,USA,1997-09-23T00:00:00,2,Undrafted,65,691.0,246.0,162.0,21.0,15.0,6.0,APR 20 2022 09:30 PM,0
1630536,Sharife Cooper,Hawks,Guard,6-1,176,USA,2001-06-11T00:00:00,0,48,13,39.0,7.0,5.0,5.0,0.0,0.0,APR 19 2022 07:30 PM,0
202326,DeMarcus Cousins,Nuggets,Center,6-10,270,USA,1990-08-13T00:00:00,10,5,654,19509.0,12802.0,6664.0,1979.0,874.0,742.0,APR 18 2022 10:00 PM,1290481
203496,Robert Covington,Clippers,Forward,6-7,209,USA,1990-12-14T00:00:00,8,Undrafted,537,16064.0,6222.0,3122.0,803.0,861.0,527.0,Empty,12975471
1628470,Torrey Craig,Suns,Forward,6-7,221,USA,1990-12-19T00:00:00,4,Undrafted,300,5603.0,1698.0,1086.0,284.0,146.0,160.0,APR 19 2022 10:00 PM,4878049
203109,Jae Crowder,Suns,Forward,6-6,235,USA,1990-07-06T00:00:00,9,34,735,18561.0,7056.0,3141.0,1182.0,736.0,254.0,APR 19 2022 10:00 PM,9720900
1629633,Jarrett Culver,Grizzlies,Guard-Forward,6-6,195,USA,1999-02-20T00:00:00,2,6,134,2343.0,890.0,364.0,167.0,94.0,52.0,APR 19 2022 08:30 PM,6395160
1630595,Cade Cunningham,Pistons,Guard,6-6,220,USA,2001-09-25T00:00:00,0,1,64,2088.0,1114.0,354.0,356.0,78.0,43.0,Empty,10050120
203552,Seth Curry,Nets,Guard,6-2,185,USA,1990-08-23T00:00:00,7,Undrafted,377,9489.0,4245.0,843.0,832.0,274.0,53.0,APR 20 2022 07:00 PM,8186047
201939,Stephen Curry,Warriors,Guard,6-2,185,USA,1988-03-14T00:00:00,12,7,826,28361.0,20064.0,3838.0,5388.0,1367.0,187.0,APR 18 2022 10:00 PM,45780966
203076,Anthony Davis,Lakers,Forward-Center,6-10,253,USA,1993-03-11T00:00:00,9,1,604,20805.0,14390.0,6162.0,1414.0,824.0,1413.0,Empty,35361360
202334,Ed Davis,Cavaliers,Center-Forward,6-9,218,USA,1989-06-05T00:00:00,11,13,722,13757.0,4291.0,4616.0,539.0,349.0,566.0,Empty,2641691
1629056,Terence Davis,Kings,Guard,6-4,201,USA,1997-05-16T00:00:00,2,Undrafted,163,2820.0,1387.0,485.0,238.0,108.0,39.0,Empty,4000000
201942,DeMar DeRozan,Bulls,Guard-Forward,6-6,220,USA,1989-08-07T00:00:00,12,9,957,32790.0,19869.0,4227.0,3729.0,935.0,280.0,APR 20 2022 09:30 PM,26000000
203473,Dewayne Dedmon,Heat,Center,7-0,245,USA,1989-08-12T00:00:00,8,Undrafted,477,8471.0,3056.0,2836.0,332.0,249.0,390.0,APR 19 2022 07:30 PM,5256308
1628978,Donte DiVincenzo,Kings,Guard,6-4,203,USA,1997-01-31T00:00:00,3,17,201,4752.0,1809.0,933.0,506.0,218.0,49.0,Empty,4675830
1628977,Hamidou Diallo,Pistons,Guard,6-5,202,USA,1998-07-31T00:00:00,3,45,207,3917.0,1748.0,813.0,227.0,170.0,60.0,Empty,5200000
203476,Gorgui Dieng,Hawks,Center,6-10,248,Senegal,1990-01-18T00:00:00,8,21,597,12269.0,4470.0,3427.0,784.0,464.0,535.0,APR 19 2022 07:30 PM,4000000
203915,Spencer Dinwiddie,Mavericks,Guard,6-6,215,USA,1993-04-06T00:00:00,7,38,387,10207.0,5042.0,1167.0,1933.0,260.0,104.0,APR 18 2022 08:30 PM,17142857
1629029,Luka Doncic,Mavericks,Forward-Guard,6-7,230,Slovenia,1999-02-28T00:00:00,3,3,264,8928.0,6962.0,2256.0,2102.0,278.0,111.0,APR 18 2022 08:30 PM,10174391
1629652,Luguentz Dort,Thunder,Guard,6-3,215,Canada,1999-04-19T00:00:00,2,Undrafted,139,4029.0,1850.0,482.0,203.0,122.0,41.0,Empty,1782621
1630245,Ayo Dosunmu,Bulls,Guard,6-4,200,USA,2000-01-17T00:00:00,0,38,77,2110.0,679.0,214.0,256.0,60.0,29.0,APR 20 2022 09:30 PM,925258
201609,Goran Dragic,Nets,Guard,6-3,190,Slovenia,1986-05-06T00:00:00,13,45,888,24733.0,12203.0,2735.0,4254.0,863.0,163.0,APR 20 2022 07:00 PM,20168742
203083,Andre Drummond,Nets,Center,6-10,279,USA,1993-08-10T00:00:00,9,9,718,21267.0,9938.0,9519.0,1003.0,976.0,1055.0,APR 20 2022 07:00 PM,2401537
1630537,Chris Duarte,Pacers,Guard,6-5,190,Dominican Republic,1997-06-13T00:00:00,0,13,55,1541.0,720.0,226.0,114.0,56.0,10.0,Empty,3749520
1630561,David Duke Jr.,Nets,Guard,6-4,204,USA,1999-10-13T00:00:00,0,Undrafted,22,341.0,104.0,67.0,17.0,14.0,7.0,APR 20 2022 07:00 PM,0
201142,Kevin Durant,Nets,Forward,6-10,240,USA,1988-09-29T00:00:00,13,2,939,34508.0,25526.0,6646.0,4032.0,1021.0,1038.0,APR 20 2022 07:00 PM,40918900
1630162,Anthony Edwards,Timberwolves,Guard,6-4,225,USA,2001-08-05T00:00:00,1,1,144,4780.0,2925.0,679.0,486.0,187.0,82.0,APR 19 2022 08:30 PM,10245480
1629035,Carsen Edwards,Pistons,Guard,5-11,200,USA,1998-03-12T00:00:00,2,33,72,705.0,267.0,79.0,52.0,21.0,5.0,Empty,76744
1630556,Kessler Edwards,Nets,Forward,6-7,203,USA,2000-08-09T00:00:00,0,44,48,987.0,284.0,172.0,31.0,29.0,24.0,APR 20 2022 07:00 PM,5318
1629604,CJ Elleby,Trail Blazers,Forward-Guard,6-6,200,USA,2000-06-16T00:00:00,1,46,88,1367.0,407.0,259.0,97.0,41.0,22.0,Empty,1517981
201961,Wayne Ellington,Lakers,Guard,6-4,207,USA,1987-11-29T00:00:00,12,28,770,16101.0,6190.0,1643.0,852.0,412.0,66.0,Empty,2641691
203954,Joel Embiid,76ers,Center-Forward,7-0,280,Cameroon,1994-03-16T00:00:00,5,3,328,10240.0,8535.0,3732.0,1080.0,285.0,542.0,APR 18 2022 07:30 PM,31579390
202324,Derrick Favors,Thunder,Forward,6-9,265,USA,1991-07-15T00:00:00,11,3,790,19202.0,8354.0,5608.0,851.0,577.0,939.0,Empty,9720900
1628981,Bruno Fernando,Rockets,Forward-Center,6-9,240,Angola,1998-08-15T00:00:00,2,34,119,1091.0,379.0,331.0,66.0,23.0,31.0,Empty,1782621
1627827,Dorian Finney-Smith,Mavericks,Forward,6-7,220,USA,1993-05-04T00:00:00,5,Undrafted,394,10759.0,3229.0,1792.0,554.0,316.0,168.0,APR 18 2022 08:30 PM,4000000
1630238,Malik Fitts,Celtics,Forward,6-5,230,USA,1997-07-04T00:00:00,1,Undrafted,18,74.0,24.0,20.0,5.0,0.0,0.0,APR 20 2022 07:00 PM,231062
1630201,Malachi Flynn,Raptors,Guard,6-1,175,USA,1998-05-09T00:00:00,1,29,91,1465.0,542.0,179.0,207.0,58.0,11.0,APR 18 2022 07:30 PM,2048040
1627854,Bryn Forbes,Nuggets,Guard,6-2,205,USA,1993-07-23T00:00:00,5,Undrafted,406,8314.0,3687.0,703.0,506.0,156.0,12.0,APR 18 2022 10:00 PM,0
1630235,Trent Forrest,Jazz,Guard,6-4,210,USA,1998-06-12T00:00:00,1,Undrafted,90,1068.0,283.0,143.0,151.0,39.0,10.0,APR 18 2022 08:30 PM,8558
203095,Evan Fournier,Knicks,Guard-Forward,6-6,205,France,1992-10-29T00:00:00,9,20,645,18476.0,9222.0,1771.0,1676.0,570.0,98.0,Empty,18139535
1628368,De'Aaron Fox,Kings,Guard,6-3,185,USA,1997-12-20T00:00:00,4,5,322,10325.0,6148.0,1138.0,2005.0,432.0,142.0,Empty,28103550
1628982,Melvin Frazier Jr.,Thunder,Guard-Forward,6-5,215,USA,1996-08-30T00:00:00,2,35,32,290.0,87.0,28.0,5.0,11.0,2.0,Empty,0
1628365,Markelle Fultz,Magic,Guard,6-4,209,USA,1998-05-29T00:00:00,4,1,131,3251.0,1423.0,425.0,623.0,147.0,27.0,Empty,16500000
1629117,Wenyen Gabriel,Lakers,Forward,6-9,205,South Sudan,1997-03-26T00:00:00,2,Undrafted,77,835.0,276.0,203.0,33.0,25.0,26.0,Empty,29814
1629655,Daniel Gafford,Wizards,Forward-Center,6-9,234,USA,1998-10-01T00:00:00,2,38,169,2844.0,1277.0,744.0,118.0,69.0,230.0,Empty,1782621
201568,Danilo Gallinari,Hawks,Forward,6-10,236,Italy,1988-08-08T00:00:00,12,6,728,21779.0,11327.0,3510.0,1414.0,537.0,262.0,APR 19 2022 07:30 PM,20475000
1629636,Darius Garland,Cavaliers,Guard,6-1,192,USA,2000-01-26T00:00:00,2,5,181,6044.0,3142.0,464.0,1141.0,197.0,17.0,Empty,7040880
1630586,Usman Garuba,Rockets,Forward,6-8,229,Spain,2002-03-09T00:00:00,0,23,24,239.0,48.0,83.0,17.0,10.0,11.0,Empty,2353320
1630568,Luka Garza,Pistons,Center,6-10,243,USA,1998-12-27T00:00:00,0,52,32,389.0,186.0,100.0,20.0,9.0,6.0,Empty,925258
200752,Rudy Gay,Jazz,Forward-Guard,6-8,250,USA,1986-08-17T00:00:00,15,8,1064,33745.0,17349.0,6120.0,2223.0,1212.0,780.0,APR 18 2022 08:30 PM,5890000
202331,Paul George,Clippers,Forward,6-8,220,USA,1990-05-02T00:00:00,11,10,737,24741.0,15029.0,4735.0,2641.0,1268.0,324.0,Empty,39344970
201959,Taj Gibson,Knicks,Forward,6-9,232,USA,1985-06-24T00:00:00,12,26,896,21977.0,8088.0,5477.0,880.0,503.0,927.0,Empty,4910000
1630581,Josh Giddey,Thunder,Guard,6-8,205,Australia,2002-10-10T00:00:00,0,6,54,1700.0,674.0,421.0,345.0,51.0,20.0,Empty,5988000
1628983,Shai Gilgeous-Alexander,Thunder,Guard,6-6,180,Canada,1998-07-12T00:00:00,3,11,243,7724.0,4421.0,1088.0,1040.0,273.0,161.0,Empty,5495532
1630264,Anthony Gill,Wizards,Forward,6-7,230,USA,1992-10-17T00:00:00,1,Undrafted,70,681.0,260.0,136.0,38.0,15.0,15.0,Empty,1517981
203497,Rudy Gobert,Jazz,Center,7-1,258,France,1992-06-26T00:00:00,8,27,611,18301.0,7592.0,7119.0,807.0,412.0,1357.0,APR 18 2022 08:30 PM,35344828
1629164,Brandon Goodwin,Cavaliers,Guard,6-0,180,USA,1995-10-02T00:00:00,3,Undrafted,133,1609.0,628.0,211.0,251.0,54.0,5.0,Empty,0
203932,Aaron Gordon,Nuggets,Forward,6-8,235,USA,1995-09-16T00:00:00,7,4,528,15276.0,6887.0,3310.0,1313.0,389.0,335.0,APR 18 2022 10:00 PM,16409091
201569,Eric Gordon,Rockets,Guard,6-3,215,USA,1988-12-25T00:00:00,13,7,749,24259.0,12263.0,1811.0,2121.0,641.0,258.0,Empty,18218818
1628984,Devonte' Graham,Pelicans,Guard,6-1,195,USA,1995-02-22T00:00:00,3,34,240,6708.0,3080.0,600.0,1203.0,204.0,35.0,APR 19 2022 10:00 PM,11000000
203924,Jerami Grant,Pistons,Forward,6-8,210,USA,1994-03-12T00:00:00,7,39,555,14455.0,6329.0,2189.0,747.0,348.0,615.0,Empty,20000000
201980,Danny Green,76ers,Guard,6-6,215,USA,1987-06-22T00:00:00,12,46,819,20741.0,7143.0,2811.0,1270.0,846.0,631.0,APR 18 2022 07:30 PM,10000000
203110,Draymond Green,Warriors,Forward,6-6,230,USA,1990-03-04T00:00:00,9,35,685,19511.0,5960.0,4750.0,3733.0,955.0,711.0,APR 18 2022 10:00 PM,24026712
203210,JaMychal Green,Nuggets,Forward-Center,6-8,227,USA,1990-06-21T00:00:00,7,Undrafted,487,10136.0,3842.0,2781.0,445.0,273.0,203.0,APR 18 2022 10:00 PM,8292683
1630224,Jalen Green,Rockets,Guard,6-4,186,USA,2002-02-09T00:00:00,0,2,67,2138.0,1157.0,226.0,176.0,44.0,18.0,Empty,8992200
1629750,Javonte Green,Bulls,Guard-Forward,6-5,205,USA,1993-07-23T00:00:00,2,Undrafted,154,2461.0,777.0,440.0,103.0,119.0,46.0,APR 20 2022 09:30 PM,1669178
201145,Jeff Green,Nuggets,Forward,6-8,235,USA,1986-08-28T00:00:00,13,5,1051,30464.0,13295.0,4502.0,1625.0,719.0,539.0,APR 18 2022 10:00 PM,4500000
1630182,Josh Green,Mavericks,Guard,6-5,200,Australia,2000-11-16T00:00:00,1,18,106,1484.0,420.0,239.0,107.0,61.0,17.0,APR 18 2022 08:30 PM,2957520
201933,Blake Griffin,Nets,Forward,6-9,250,USA,1989-03-16T00:00:00,11,1,724,23817.0,14343.0,5954.0,2994.0,612.0,350.0,APR 20 2022 07:00 PM,32405817
1629656,Quentin Grimes,Knicks,Guard,6-4,210,USA,2000-05-08T00:00:00,0,25,46,786.0,275.0,94.0,44.0,31.0,11.0,Empty,2168760
1629060,Rui Hachimura,Wizards,Forward,6-8,230,Japan,1998-02-08T00:00:00,2,9,147,4185.0,1913.0,766.0,217.0,104.0,24.0,Empty,4916160
1630169,Tyrese Haliburton,Pacers,Guard,6-5,185,USA,2000-02-29T00:00:00,1,12,135,4440.0,1934.0,484.0,937.0,211.0,77.0,Empty,4023600
1630181,R.J. Hampton,Magic,Guard,6-4,175,USA,2001-02-07T00:00:00,1,24,115,2291.0,843.0,373.0,245.0,63.0,23.0,Empty,2303040
203501,Tim Hardaway Jr.,Mavericks,Guard-Forward,6-5,205,USA,1992-03-16T00:00:00,8,24,586,15838.0,8149.0,1650.0,1095.0,366.0,83.0,APR 18 2022 08:30 PM,21306816
201935,James Harden,76ers,Guard,6-5,220,USA,1989-08-26T00:00:00,12,3,942,32616.0,23477.0,5294.0,6397.0,1449.0,512.0,APR 18 2022 07:30 PM,43848000
203090,Maurice Harkless,Kings,Forward-Guard,6-7,220,USA,1993-05-11T00:00:00,9,15,621,14019.0,4259.0,2198.0,572.0,583.0,399.0,Empty,4347600
1629607,Jared Harper,Pelicans,Guard,5-10,175,USA,1997-09-14T00:00:00,2,Undrafted,16,67.0,42.0,4.0,15.0,4.0,1.0,APR 19 2022 10:00 PM,0
1626149,Montrezl Harrell,Hornets,Forward-Center,6-7,240,USA,1994-01-26T00:00:00,6,32,458,9863.0,5900.0,2429.0,642.0,252.0,379.0,Empty,9720900
203914,Gary Harris,Magic,Guard,6-4,210,USA,1994-09-14T00:00:00,7,19,468,13474.0,5526.0,1162.0,965.0,547.0,101.0,Empty,20482143
203925,Joe Harris,Nets,Guard-Forward,6-6,220,USA,1991-09-06T00:00:00,7,33,414,10602.0,4584.0,1344.0,679.0,204.0,80.0,APR 20 2022 07:00 PM,17357143
202699,Tobias Harris,76ers,Forward,6-7,226,USA,1992-07-15T00:00:00,10,19,753,23619.0,12313.0,4660.0,1728.0,557.0,396.0,APR 18 2022 07:30 PM,36000000
1628404,Josh Hart,Trail Blazers,Guard,6-5,215,USA,1995-03-06T00:00:00,4,30,296,8071.0,2918.0,1701.0,614.0,273.0,104.0,Empty,12000000
1628392,Isaiah Hartenstein,Clippers,Center-Forward,7-0,250,Germany,1998-05-05T00:00:00,3,43,165,2262.0,959.0,650.0,248.0,85.0,140.0,Empty,3430810
2617,Udonis Haslem,Heat,Forward,6-8,235,USA,1980-06-09T00:00:00,18,Undrafted,872,21650.0,6559.0,5780.0,733.0,423.0,250.0,APR 19 2022 07:30 PM,2641691
1630573,Sam Hauser,Celtics,Forward,6-7,217,USA,1997-12-08T00:00:00,0,Undrafted,26,158.0,65.0,29.0,10.0,1.0,2.0,APR 20 2022 07:00 PM,313737
1629637,Jaxson Hayes,Pelicans,Center-Forward,6-11,220,USA,2000-05-23T00:00:00,2,8,194,3441.0,1575.0,831.0,134.0,84.0,148.0,APR 19 2022 10:00 PM,5348280
1630165,Killian Hayes,Pistons,Guard,6-5,195,France,2001-07-27T00:00:00,1,7,92,2317.0,629.0,279.0,415.0,105.0,45.0,Empty,5572680
202330,Gordon Hayward,Hornets,Forward,6-7,225,USA,1990-03-23T00:00:00,11,9,734,22831.0,11454.0,3302.0,2576.0,726.0,296.0,Empty,29900000
1627823,Juancho Hernangomez,Jazz,Forward,6-9,214,Spain,1995-09-28T00:00:00,5,15,297,4655.0,1589.0,1008.0,191.0,115.0,65.0,APR 18 2022 08:30 PM,6175440
1626195,Willy Hernangomez,Pelicans,Center-Forward,6-11,250,Spain,1994-05-27T00:00:00,5,35,306,4691.0,2262.0,1802.0,331.0,128.0,121.0,APR 19 2022 10:00 PM,2327220
1629639,Tyler Herro,Heat,Guard,6-5,195,USA,2000-01-20T00:00:00,2,13,175,5294.0,2925.0,821.0,568.0,113.0,34.0,APR 19 2022 07:30 PM,4004280
1627741,Buddy Hield,Pacers,Guard,6-4,220,Bahamas,1992-12-17T00:00:00,5,6,468,13675.0,7463.0,2003.0,1180.0,383.0,136.0,Empty,22477273
1629312,Haywood Highsmith,Heat,Forward,6-4,220,USA,1996-12-09T00:00:00,1,,24,203.0,52.0,31.0,8.0,3.0,3.0,APR 19 2022 07:30 PM,290967
201588,George Hill,Bucks,Guard,6-4,188,USA,1986-05-04T00:00:00,13,26,869,23668.0,9313.0,2646.0,2697.0,780.0,227.0,APR 20 2022 09:30 PM,4000000
1630792,Malcolm Hill,Bulls,Forward,6-6,220,USA,1995-10-26T00:00:00,0,Undrafted,19,212.0,72.0,35.0,8.0,7.0,3.0,APR 20 2022 09:30 PM,0
1630207,Nate Hinton,Pacers,Guard-Forward,6-5,210,USA,1999-06-08T00:00:00,1,Undrafted,23,96.0,41.0,9.0,8.0,7.0,2.0,Empty,0
1628988,Aaron Holiday,Suns,Guard,6-0,185,USA,1996-09-30T00:00:00,3,23,245,4460.0,1796.0,434.0,588.0,164.0,51.0,APR 19 2022 10:00 PM,3980551
201950,Jrue Holiday,Bucks,Guard,6-3,205,USA,1990-06-12T00:00:00,12,17,839,27816.0,13586.0,3361.0,5373.0,1267.0,430.0,APR 20 2022 09:30 PM,30133333
203200,Justin Holiday,Kings,Forward-Guard,6-6,180,USA,1989-04-05T00:00:00,8,Undrafted,576,14149.0,5005.0,1700.0,860.0,559.0,255.0,Empty,6006420
1626158,Richaun Holmes,Kings,Forward,6-10,235,USA,1993-10-15T00:00:00,6,37,376,7922.0,3605.0,2167.0,403.0,220.0,396.0,Empty,10384500
203918,Rodney Hood,Clippers,Guard-Forward,6-8,208,USA,1992-10-20T00:00:00,7,23,448,10978.0,4656.0,1160.0,736.0,301.0,80.0,Empty,2239544
201143,Al Horford,Celtics,Center-Forward,6-9,240,Dominican Republic,1986-06-03T00:00:00,14,3,950,30598.0,12989.0,7772.0,3144.0,762.0,1126.0,APR 20 2022 07:00 PM,27000000
1629659,Talen Horton-Tucker,Lakers,Guard,6-4,234,USA,2000-11-25T00:00:00,2,46,131,2896.0,1216.0,369.0,346.0,130.0,51.0,Empty,9500000
1627863,Danuel House Jr.,Jazz,Forward-Guard,6-6,220,USA,1993-06-07T00:00:00,5,Undrafted,204,4954.0,1743.0,727.0,263.0,136.0,84.0,APR 18 2022 08:30 PM,2045094
2730,Dwight Howard,Lakers,Center-Forward,6-10,265,USA,1985-12-08T00:00:00,17,1,1242,39456.0,19485.0,14627.0,1676.0,1081.0,2228.0,Empty,2641691
1630210,Markus Howard,Nuggets,Guard,5-10,175,USA,1999-03-03T00:00:00,1,Undrafted,68,381.0,231.0,33.0,25.0,13.0,1.0,APR 18 2022 10:00 PM,0
1628989,Kevin Huerter,Hawks,Guard-Forward,6-7,198,USA,1998-08-27T00:00:00,3,19,274,8123.0,3125.0,958.0,871.0,253.0,96.0,APR 19 2022 07:30 PM,4253357
1630190,Elijah Hughes,Trail Blazers,Guard,6-5,215,USA,1998-03-10T00:00:00,1,39,54,498.0,157.0,67.0,28.0,15.0,9.0,Empty,1517981
1630624,Feron Hunt,Knicks,Forward,6-8,195,USA,1999-07-05T00:00:00,0,Undrafted,2,8.0,0.0,1.0,1.0,1.0,0.0,Empty,0
1629631,De'Andre Hunter,Hawks,Forward-Guard,6-8,221,USA,1997-12-02T00:00:00,2,4,139,4273.0,1831.0,572.0,224.0,99.0,51.0,APR 19 2022 07:30 PM,7775400
1630538,Bones Hyland,Nuggets,Guard,6-2,169,USA,2000-09-14T00:00:00,0,26,69,1310.0,698.0,188.0,191.0,41.0,20.0,APR 18 2022 10:00 PM,2096880
201586,Serge Ibaka,Bucks,Forward,6-10,235,Republic of the Congo,1989-09-18T00:00:00,12,24,903,24942.0,10962.0,6469.0,745.0,371.0,1752.0,APR 20 2022 09:30 PM,9742000
2738,Andre Iguodala,Warriors,Guard-Forward,6-6,215,USA,1984-01-28T00:00:00,17,9,1223,39393.0,13951.0,6030.0,5128.0,1761.0,630.0,APR 18 2022 10:00 PM,2641691
204060,Joe Ingles,Trail Blazers,Forward-Guard,6-8,220,Australia,1987-10-02T00:00:00,7,Undrafted,590,15157.0,5094.0,1914.0,2213.0,544.0,90.0,Empty,14000000
1627742,Brandon Ingram,Pelicans,Forward,6-8,190,USA,1997-09-02T00:00:00,5,2,368,12079.0,6812.0,1896.0,1412.0,260.0,210.0,APR 19 2022 10:00 PM,29467800
202681,Kyrie Irving,Nets,Guard,6-2,195,Australia,1992-03-23T00:00:00,10,1,611,20804.0,14089.0,2339.0,3504.0,816.0,241.0,APR 20 2022 07:00 PM,34916200
1628371,Jonathan Isaac,Magic,Forward,6-10,230,USA,1997-10-03T00:00:00,3,6,136,3512.0,1269.0,741.0,146.0,145.0,206.0,Empty,17400000
1628402,Frank Jackson,Pistons,Guard,6-3,205,USA,1998-05-04T00:00:00,3,31,213,3868.0,1816.0,390.0,221.0,84.0,16.0,Empty,3000000
1630543,Isaiah Jackson,Pacers,Forward,6-10,205,USA,2002-01-10T00:00:00,0,22,36,541.0,297.0,149.0,10.0,25.0,52.0,Empty,2451120
1628367,Josh Jackson,Kings,Guard-Forward,6-8,207,USA,1997-02-10T00:00:00,4,4,291,6718.0,3276.0,1159.0,534.0,251.0,169.0,Empty,5005350
202704,Reggie Jackson,Clippers,Guard,6-2,208,USA,1990-04-16T00:00:00,10,24,703,18001.0,9183.0,2122.0,3020.0,486.0,88.0,Empty,10384500
1628991,Jaren Jackson Jr.,Grizzlies,Forward-Center,6-11,242,USA,1999-09-15T00:00:00,3,4,204,5521.0,3218.0,1050.0,240.0,177.0,369.0,APR 19 2022 08:30 PM,9180560
2544,LeBron James,Lakers,Forward,6-9,250,USA,1984-12-30T00:00:00,18,1,1366,52138.0,37062.0,10210.0,10045.0,2136.0,1041.0,Empty,41180544
1629660,Ty Jerome,Thunder,Guard-Forward,6-5,195,USA,1997-07-08T00:00:00,2,24,112,1916.0,795.0,215.0,273.0,65.0,14.0,Empty,2412840
1630198,Isaiah Joe,76ers,Guard,6-4,165,USA,1999-07-02T00:00:00,1,49,96,992.0,351.0,92.0,55.0,26.0,7.0,APR 18 2022 07:30 PM,1517981
1629661,Cameron Johnson,Suns,Forward,6-8,210,USA,1996-03-03T00:00:00,2,11,183,4423.0,1899.0,659.0,254.0,130.0,52.0,APR 19 2022 10:00 PM,4437000
1630525,David Johnson,Raptors,Guard,6-4,203,USA,2001-02-26T00:00:00,0,47,2,2.0,0.0,0.0,0.0,0.0,0.0,APR 18 2022 07:30 PM,0
1630552,Jalen Johnson,Hawks,Forward,6-8,219,USA,2001-12-18T00:00:00,0,20,22,120.0,52.0,26.0,3.0,3.0,2.0,APR 19 2022 07:30 PM,2659560
1629640,Keldon Johnson,Spurs,Forward-Guard,6-6,220,USA,1999-10-11T00:00:00,2,29,161,4660.0,2313.0,926.0,294.0,112.0,40.0,Empty,2145720
1630553,Keon Johnson,Trail Blazers,Guard,6-4,185,USA,2002-03-10T00:00:00,0,21,37,696.0,267.0,81.0,76.0,28.0,12.0,Empty,2553120
1626169,Stanley Johnson,Lakers,Forward-Guard,6-6,242,USA,1996-05-29T00:00:00,6,8,419,8408.0,2632.0,1309.0,612.0,367.0,100.0,Empty,888616
203999,Nikola Jokic,Nuggets,Center,6-11,284,Serbia,1995-02-19T00:00:00,6,41,527,16015.0,10364.0,5456.0,3281.0,627.0,376.0,APR 18 2022 10:00 PM,30510423
1627745,Damian Jones,Kings,Center,6-11,245,USA,1995-06-30T00:00:00,5,30,199,3033.0,1117.0,685.0,163.0,77.0,148.0,Empty,1977011
1630529,Herbert Jones,Pelicans,Forward,6-7,206,USA,1998-10-06T00:00:00,0,35,78,2335.0,742.0,296.0,167.0,130.0,60.0,APR 19 2022 10:00 PM,1700000
1630539,Kai Jones,Hornets,Center-Forward,6-10,221,Bahamas,2001-01-19T00:00:00,0,19,21,63.0,22.0,11.0,4.0,1.0,2.0,Empty,2770560
1630222,Mason Jones,Lakers,Guard,6-4,200,USA,1998-07-21T00:00:00,1,Undrafted,36,385.0,195.0,65.0,46.0,9.0,1.0,Empty,0
1630200,Tre Jones,Spurs,Guard,6-1,185,USA,2000-01-08T00:00:00,1,41,106,1417.0,507.0,176.0,272.0,50.0,7.0,Empty,1517981
1626145,Tyus Jones,Grizzlies,Guard,6-0,196,USA,1996-05-10T00:00:00,6,24,455,8378.0,2807.0,799.0,1691.0,444.0,33.0,APR 19 2022 08:30 PM,7522200
1627884,Derrick Jones Jr.,Bulls,Forward,6-6,210,USA,1997-02-15T00:00:00,5,Undrafted,280,5537.0,1833.0,964.0,197.0,184.0,193.0,APR 20 2022 09:30 PM,9720900
201599,DeAndre Jordan,76ers,Center,6-11,265,USA,1988-07-21T00:00:00,13,35,980,26195.0,8933.0,10142.0,932.0,537.0,1501.0,APR 18 2022 07:30 PM,11109327
202709,Cory Joseph,Pistons,Guard,6-3,200,Canada,1991-08-20T00:00:00,10,29,728,16161.0,5161.0,1884.0,2186.0,562.0,167.0,Empty,7310000
1628379,Luke Kennard,Clippers,Guard,6-5,206,USA,1996-06-24T00:00:00,4,12,297,6973.0,2966.0,847.0,603.0,147.0,44.0,Empty,12727273
1630296,Braxton Key,Pistons,Forward,6-8,225,USA,1997-02-14T00:00:00,0,Undrafted,11,197.0,79.0,50.0,11.0,10.0,11.0,Empty,0
1630557,Corey Kispert,Wizards,Forward,6-6,224,USA,1999-03-03T00:00:00,0,15,77,1801.0,634.0,209.0,85.0,35.0,22.0,Empty,3383640
1628467,Maxi Kleber,Mavericks,Forward,6-10,240,Germany,1992-01-29T00:00:00,4,Undrafted,326,7389.0,2307.0,1561.0,345.0,141.0,301.0,APR 18 2022 08:30 PM,8750000
1630233,Nathan Knight,Timberwolves,Forward-Center,6-10,253,USA,1997-09-20T00:00:00,1,Undrafted,70,546.0,262.0,157.0,30.0,16.0,18.0,APR 19 2022 08:30 PM,0
1628995,Kevin Knox II,Hawks,Forward,6-7,215,USA,1999-08-11T00:00:00,3,9,212,4011.0,1638.0,624.0,172.0,82.0,60.0,APR 19 2022 07:30 PM,0
1629723,John Konchar,Grizzlies,Guard,6-5,210,USA,1996-03-22T00:00:00,2,Undrafted,134,2048.0,587.0,504.0,178.0,82.0,34.0,APR 19 2022 08:30 PM,2197674
1627788,Furkan Korkmaz,76ers,Guard-Forward,6-7,202,Turkey,1997-07-24T00:00:00,4,26,256,4793.0,2016.0,574.0,344.0,154.0,37.0,APR 18 2022 07:30 PM,4629630
1628436,Luke Kornet,Celtics,Center-Forward,7-2,250,USA,1995-07-15T00:00:00,4,Undrafted,148,2120.0,807.0,379.0,145.0,51.0,119.0,APR 20 2022 07:00 PM,606702
1630249,Vit Krejci,Thunder,Guard,6-8,195,Czech Republic,2000-06-19T00:00:00,0,37,30,690.0,187.0,101.0,57.0,19.0,8.0,Empty,925258
1629083,Arnoldas Kulboka,Hornets,Forward,6-10,209,Lithuania,1998-01-04T00:00:00,0,55,2,5.0,0.0,0.0,0.0,0.0,0.0,Empty,0
1630228,Jonathan Kuminga,Warriors,Forward,6-7,225,DRC,2002-10-06T00:00:00,0,7,70,1185.0,652.0,234.0,64.0,31.0,22.0,APR 18 2022 10:00 PM,5466360
1628398,Kyle Kuzma,Wizards,Forward,6-9,221,USA,1995-07-24T00:00:00,4,27,342,10399.0,5336.0,2116.0,759.0,195.0,184.0,Empty,13000000
203897,Zach LaVine,Bulls,Guard-Forward,6-5,200,USA,1995-03-10T00:00:00,7,13,478,15218.0,9466.0,1876.0,1860.0,423.0,145.0,APR 20 2022 09:30 PM,19500000
1630237,Anthony Lamb,Rockets,Forward,6-6,227,USA,1998-01-20T00:00:00,1,Undrafted,26,423.0,133.0,71.0,25.0,6.0,5.0,Empty,0
203087,Jeremy Lamb,Kings,Guard-Forward,6-5,180,USA,1992-05-30T00:00:00,9,12,573,11896.0,5805.0,2073.0,904.0,417.0,218.0,Empty,10500000
1629111,Jock Landale,Spurs,Center,6-11,255,Australia,1995-10-25T00:00:00,0,Undrafted,54,589.0,265.0,138.0,45.0,10.0,14.0,Empty,925258
1629641,Romeo Langford,Spurs,Guard-Forward,6-5,216,USA,1999-10-25T00:00:00,2,14,98,1424.0,353.0,184.0,47.0,36.0,29.0,Empty,3804360
1627774,Jake Layman,Timberwolves,Forward,6-8,209,USA,1994-03-07T00:00:00,5,47,243,3099.0,1175.0,417.0,127.0,99.0,71.0,APR 19 2022 08:30 PM,3940184
1627747,Caris LeVert,Cavaliers,Guard,6-6,205,USA,1994-08-25T00:00:00,5,20,318,8759.0,4649.0,1216.0,1257.0,343.0,107.0,Empty,17500000
1627814,Damion Lee,Warriors,Guard-Forward,6-5,210,USA,1992-10-21T00:00:00,4,Undrafted,216,4538.0,1780.0,757.0,311.0,159.0,21.0,APR 18 2022 10:00 PM,1910860
1630240,Saben Lee,Pistons,Guard,6-2,183,USA,1999-06-23T00:00:00,1,38,85,1384.0,475.0,184.0,281.0,68.0,25.0,Empty,1489065
203458,Alex Len,Kings,Center,7-0,250,Ukraine,1993-06-16T00:00:00,8,5,570,10770.0,4371.0,3341.0,489.0,224.0,550.0,Empty,3731707
202695,Kawhi Leonard,Clippers,Forward,6-7,225,USA,1991-06-29T00:00:00,10,15,576,18025.0,11085.0,3689.0,1672.0,1013.0,367.0,Empty,39344900
1630575,Scottie Lewis,Hornets,Guard,6-5,185,USA,2000-03-12T00:00:00,0,56,2,7.0,1.0,0.0,1.0,1.0,0.0,Empty,0
1630184,Kira Lewis Jr.,Pelicans,Guard,6-1,170,USA,2001-04-06T00:00:00,1,13,78,1246.0,484.0,110.0,173.0,49.0,11.0,APR 19 2022 10:00 PM,3822240
203081,Damian Lillard,Trail Blazers,Guard,6-2,195,USA,1990-07-15T00:00:00,9,6,711,25832.0,17510.0,2976.0,4726.0,682.0,221.0,Empty,39344900
1629642,Nassir Little,Trail Blazers,Forward-Guard,6-5,220,USA,2000-02-11T00:00:00,2,25,138,2301.0,802.0,472.0,99.0,43.0,63.0,Empty,2316240
1630587,Isaiah Livers,Pistons,Forward,6-6,232,USA,1998-07-28T00:00:00,0,42,19,383.0,121.0,57.0,21.0,13.0,7.0,Empty,1057260
1626172,Kevon Looney,Warriors,Forward,6-9,222,USA,1996-02-06T00:00:00,6,30,367,6014.0,1721.0,1750.0,498.0,178.0,206.0,APR 18 2022 10:00 PM,5178572
201572,Brook Lopez,Bucks,Center,7-0,282,USA,1988-04-01T00:00:00,13,10,868,26193.0,14247.0,5407.0,1245.0,503.0,1530.0,APR 20 2022 09:30 PM,13302325
201577,Robin Lopez,Magic,Center,7-0,281,USA,1988-04-01T00:00:00,13,15,939,20573.0,8196.0,4604.0,796.0,216.0,1034.0,Empty,5000000
1629712,Didi Louzada,Trail Blazers,Guard,6-5,188,Brazil,1999-07-02T00:00:00,1,35,12,186.0,43.0,20.0,8.0,4.0,2.0,Empty,1786878
201567,Kevin Love,Cavaliers,Forward-Center,6-8,251,USA,1988-09-07T00:00:00,13,5,812,25089.0,14305.0,8666.0,1919.0,528.0,342.0,Empty,31300000
200768,Kyle Lowry,Heat,Guard,6-0,196,USA,1986-03-25T00:00:00,15,24,1023,32616.0,15116.0,4475.0,6469.0,1350.0,298.0,APR 19 2022 07:30 PM,26984128
1630994,Gabriel Lundberg,Suns,Guard,6-4,203,Denmark,1994-12-04T00:00:00,0,Undrafted,4,44.0,13.0,7.0,11.0,3.0,0.0,APR 19 2022 10:00 PM,0
1627789,Timothe Luwawu-Cabarrot,Hawks,Guard-Forward,6-7,215,France,1995-05-09T00:00:00,5,24,328,5254.0,1937.0,656.0,293.0,132.0,42.0,APR 19 2022 07:30 PM,1939350
1626168,Trey Lyles,Kings,Forward,6-9,234,Canada,1995-11-05T00:00:00,6,12,449,8216.0,3503.0,1953.0,477.0,175.0,156.0,Empty,2500000
1630177,Theo Maledon,Thunder,Guard,6-4,175,France,2001-06-12T00:00:00,1,34,116,2686.0,1019.0,342.0,338.0,87.0,22.0,Empty,2000000
1630572,Sandro Mamukelashvili,Bucks,Forward-Center,6-9,240,Georgia,1999-05-23T00:00:00,0,54,41,407.0,154.0,82.0,22.0,9.0,9.0,APR 20 2022 09:30 PM,0
1629611,Terance Mann,Clippers,Guard-Forward,6-5,215,USA,1996-10-18T00:00:00,2,48,189,3942.0,1443.0,722.0,366.0,95.0,39.0,Empty,1782621
1630544,Tre Mann,Thunder,Guard,6-3,178,USA,2001-02-03T00:00:00,0,18,60,1367.0,625.0,171.0,91.0,47.0,12.0,Empty,2901240
1626246,Boban Marjanovic,Mavericks,Center,7-3,290,Serbia,1988-08-15T00:00:00,6,Undrafted,286,2641.0,1688.0,1097.0,139.0,54.0,92.0,APR 18 2022 08:30 PM,3500000
1628374,Lauri Markkanen,Cavaliers,Forward-Center,6-11,240,Finland,1997-05-22T00:00:00,4,7,282,8389.0,4339.0,1904.0,354.0,189.0,141.0,Empty,15690909
1630230,Naji Marshall,Pelicans,Forward,6-7,220,USA,1998-01-24T00:00:00,1,Undrafted,87,1435.0,559.0,290.0,150.0,59.0,18.0,APR 19 2022 10:00 PM,1517981
1628997,Caleb Martin,Heat,Forward,6-5,205,USA,1995-09-28T00:00:00,2,Undrafted,131,2507.0,926.0,409.0,154.0,107.0,49.0,APR 19 2022 07:30 PM,527614
1628998,Cody Martin,Hornets,Forward,6-6,205,USA,1995-09-28T00:00:00,2,36,171,3618.0,989.0,604.0,360.0,164.0,53.0,Empty,1782621
1630231,Kenyon Martin Jr.,Rockets,Forward,6-5,215,USA,2001-01-06T00:00:00,1,52,124,2724.0,1115.0,539.0,149.0,64.0,81.0,Empty,1517981
1629726,Garrison Mathews,Rockets,Guard,6-5,215,USA,1996-10-24T00:00:00,2,Undrafted,147,2977.0,1102.0,301.0,100.0,94.0,32.0,Empty,1093598
202083,Wesley Matthews,Bucks,Guard,6-4,220,USA,1986-10-14T00:00:00,12,Undrafted,898,27347.0,10921.0,2591.0,1786.0,889.0,180.0,APR 20 2022 09:30 PM,1958501
1630178,Tyrese Maxey,76ers,Guard,6-2,200,USA,2000-11-04T00:00:00,1,21,136,3586.0,1799.0,344.0,441.0,81.0,45.0,APR 18 2022 07:30 PM,2602920
1630219,Skylar Mays,Hawks,Guard,6-4,205,USA,1997-09-05T00:00:00,1,50,61,489.0,204.0,60.0,47.0,21.0,2.0,APR 19 2022 07:30 PM,34231
1630540,Miles McBride,Knicks,Guard,6-1,195,USA,2000-09-08T00:00:00,0,36,40,372.0,89.0,42.0,41.0,14.0,1.0,Empty,925258
1630644,Mac McClung,Lakers,Guard,6-2,185,USA,1999-01-06T00:00:00,0,Undrafted,2,24.0,8.0,3.0,1.0,1.0,1.0,Empty,0
203468,CJ McCollum,Pelicans,Guard,6-3,190,USA,1991-09-19T00:00:00,8,10,590,18625.0,11341.0,2041.0,2044.0,526.0,223.0,APR 19 2022 10:00 PM,30864198
204456,T.J. McConnell,Pacers,Guard,6-1,190,USA,1992-03-25T00:00:00,6,,481,10691.0,3299.0,1436.0,2404.0,613.0,94.0,Empty,7500000
1630183,Jaden McDaniels,Timberwolves,Forward,6-9,185,USA,2000-09-29T00:00:00,1,28,133,3313.0,1074.0,525.0,150.0,87.0,114.0,APR 19 2022 08:30 PM,2063280
1629667,Jalen McDaniels,Hornets,Forward-Center,6-9,205,USA,1998-01-31T00:00:00,2,52,118,2092.0,775.0,404.0,124.0,62.0,44.0,Empty,1782621
203926,Doug McDermott,Spurs,Forward,6-7,225,USA,1992-01-03T00:00:00,7,11,527,11012.0,4846.0,1236.0,496.0,113.0,53.0,Empty,13750000
201580,JaVale McGee,Suns,Center-Forward,7-0,270,USA,1988-01-19T00:00:00,13,18,821,13982.0,6536.0,4344.0,358.0,327.0,1212.0,APR 19 2022 10:00 PM,5000000
203585,Rodney McGruder,Pistons,Guard,6-4,205,USA,1991-07-29T00:00:00,5,Undrafted,285,5634.0,1642.0,811.0,353.0,145.0,49.0,Empty,1939350
1629162,Jordan McLaughlin,Timberwolves,Guard,5-11,185,USA,1996-04-09T00:00:00,2,Undrafted,143,2430.0,718.0,251.0,498.0,142.0,20.0,APR 19 2022 08:30 PM,1669178
203463,Ben McLemore,Trail Blazers,Guard,6-3,195,USA,1993-02-11T00:00:00,8,7,556,12534.0,5015.0,1269.0,563.0,353.0,106.0,Empty,2389641
1629001,De'Anthony Melton,Grizzlies,Guard,6-2,200,USA,1998-05-28T00:00:00,3,46,235,4853.0,1968.0,843.0,660.0,309.0,113.0,APR 19 2022 08:30 PM,8437500
1629002,Chimezie Metu,Kings,Forward-Center,6-9,225,USA,1997-03-22T00:00:00,3,49,143,2018.0,869.0,516.0,111.0,74.0,58.0,Empty,1762796
203114,Khris Middleton,Bucks,Forward,6-7,222,USA,1991-08-12T00:00:00,9,39,651,20693.0,11136.0,3166.0,2461.0,794.0,123.0,APR 20 2022 09:30 PM,35500000
201988,Patty Mills,Nets,Guard,6-0,180,Australia,1988-08-11T00:00:00,12,55,820,17013.0,7520.0,1390.0,1894.0,533.0,73.0,APR 20 2022 07:00 PM,5890000
200794,Paul Millsap,76ers,Forward,6-7,257,USA,1985-02-10T00:00:00,15,47,1085,30498.0,14536.0,7673.0,2378.0,1327.0,1045.0,APR 18 2022 07:30 PM,2641691
1629003,Shake Milton,76ers,Guard-Forward,6-5,205,USA,1996-09-26T00:00:00,3,54,178,3714.0,1731.0,413.0,454.0,95.0,50.0,APR 18 2022 07:30 PM,1846738
1630558,Davion Mitchell,Kings,Guard,6-0,202,USA,1998-09-05T00:00:00,0,9,75,2076.0,861.0,166.0,313.0,55.0,24.0,Empty,4603320
1628378,Donovan Mitchell,Jazz,Guard,6-1,215,USA,1996-09-07T00:00:00,4,13,345,11637.0,8234.0,1433.0,1542.0,445.0,99.0,APR 18 2022 08:30 PM,28103550
1630596,Evan Mobley,Cavaliers,Center,6-11,215,USA,2001-06-18T00:00:00,0,3,69,2331.0,1034.0,570.0,174.0,56.0,115.0,Empty,8075160
1628370,Malik Monk,Lakers,Guard,6-3,200,USA,1998-02-04T00:00:00,4,11,309,6298.0,3176.0,717.0,627.0,162.0,77.0,Empty,1789256
202328,Greg Monroe,Timberwolves,Forward-Center,6-10,250,USA,1990-06-04T00:00:00,9,7,646,17670.0,8402.0,5293.0,1376.0,680.0,373.0,APR 19 2022 08:30 PM,55208
1630541,Moses Moody,Warriors,Guard,6-5,211,USA,2002-05-31T00:00:00,0,14,52,607.0,228.0,80.0,23.0,7.0,10.0,APR 18 2022 10:00 PM,3562080
1629875,Xavier Moon,Clippers,Guard,6-2,165,USA,1995-01-02T00:00:00,0,Undrafted,10,137.0,58.0,14.0,24.0,7.0,3.0,Empty,0
1629630,Ja Morant,Grizzlies,Guard,6-3,174,USA,1999-08-10T00:00:00,2,2,187,6016.0,3961.0,836.0,1337.0,181.0,53.0,APR 19 2022 08:30 PM,9603360
1629752,Juwan Morgan,Celtics,Forward,6-7,232,USA,1997-04-17T00:00:00,2,Undrafted,52,313.0,76.0,61.0,16.0,5.0,3.0,APR 20 2022 07:00 PM,19186
202693,Markieff Morris,Heat,Forward,6-9,245,USA,1989-09-02T00:00:00,10,13,715,17725.0,7822.0,3714.0,1153.0,578.0,369.0,APR 19 2022 07:30 PM,2641691
1628420,Monte Morris,Nuggets,Guard,6-2,183,USA,1995-06-27T00:00:00,4,51,280,7067.0,2947.0,655.0,1042.0,221.0,48.0,APR 18 2022 10:00 PM,8333333
202694,Marcus Morris Sr.,Clippers,Forward,6-8,218,USA,1989-09-02T00:00:00,10,14,718,19451.0,8921.0,3298.0,1085.0,488.0,204.0,Empty,0
1628539,Mychal Mulder,Heat,Guard,6-3,195,Canada,1994-06-12T00:00:00,2,Undrafted,84,1209.0,483.0,107.0,39.0,18.0,15.0,APR 19 2022 07:30 PM,0
1630530,Trey Murphy III,Pelicans,Forward,6-8,206,USA,2000-06-18T00:00:00,0,17,62,864.0,334.0,147.0,38.0,23.0,7.0,APR 19 2022 10:00 PM,3053760
1627749,Dejounte Murray,Spurs,Guard,6-4,180,USA,1996-09-19T00:00:00,4,29,320,8257.0,3993.0,1920.0,1540.0,455.0,84.0,Empty,15428571
1627750,Jamal Murray,Nuggets,Guard,6-3,215,Canada,1997-02-23T00:00:00,5,7,345,10384.0,5639.0,1258.0,1322.0,328.0,109.0,APR 18 2022 10:00 PM,31590000
203488,Mike Muscala,Thunder,Forward-Center,6-10,240,USA,1991-07-01T00:00:00,8,44,432,6695.0,2666.0,1371.0,378.0,150.0,211.0,Empty,3500000
1629004,Svi Mykhailiuk,Raptors,Guard-Forward,6-7,205,Ukraine,1997-06-10T00:00:00,3,47,220,3746.0,1451.0,395.0,298.0,132.0,21.0,APR 18 2022 07:30 PM,1729217
1626204,Larry Nance Jr.,Pelicans,Forward-Center,6-7,245,USA,1993-01-01T00:00:00,6,27,396,9527.0,3210.0,2577.0,747.0,484.0,199.0,APR 19 2022 10:00 PM,10690909
1630612,RJ Nembhard Jr.,Cavaliers,Guard,6-4,200,USA,1999-03-22T00:00:00,0,Undrafted,14,63.0,15.0,7.0,12.0,1.0,0.0,Empty,58493
1630174,Aaron Nesmith,Celtics,Guard-Forward,6-5,215,USA,1999-10-16T00:00:00,1,14,98,1243.0,414.0,216.0,45.0,35.0,14.0,APR 20 2022 07:00 PM,3631200
203526,Raul Neto,Wizards,Guard,6-2,180,Brazil,1992-05-19T00:00:00,6,47,387,6259.0,2313.0,612.0,834.0,262.0,30.0,Empty,2089448
1627777,Georges Niang,76ers,Forward,6-7,230,USA,1993-06-17T00:00:00,5,50,305,4455.0,1857.0,619.0,248.0,88.0,32.0,APR 18 2022 07:30 PM,3300000
1630227,Daishen Nix,Rockets,Guard,6-4,226,USA,2002-02-13T00:00:00,0,Undrafted,24,261.0,77.0,33.0,40.0,15.0,0.0,Empty,292466
1630192,Zeke Nnaji,Nuggets,Forward-Center,6-9,240,USA,2001-01-09T00:00:00,1,22,83,1095.0,406.0,212.0,27.0,24.0,17.0,APR 18 2022 10:00 PM,2498760
203457,Nerlens Noel,Knicks,Center-Forward,6-11,220,USA,1994-04-10T00:00:00,7,6,450,10086.0,3303.0,2788.0,491.0,572.0,673.0,Empty,8800000
1629669,Jaylen Nowell,Timberwolves,Guard,6-4,201,USA,1999-07-09T00:00:00,2,43,119,1885.0,963.0,231.0,211.0,52.0,23.0,APR 19 2022 08:30 PM,1782621
1628373,Frank Ntilikina,Mavericks,Guard,6-4,200,France,1998-07-28T00:00:00,4,8,269,4803.0,1395.0,495.0,631.0,194.0,59.0,APR 18 2022 08:30 PM,1789256
1629134,Kendrick Nunn,Lakers,Guard,6-2,190,USA,1995-08-03T00:00:00,2,Undrafted,123,3613.0,1840.0,359.0,368.0,108.0,29.0,Empty,5000000
203994,Jusuf Nurkic,Trail Blazers,Center,6-11,290,Bosnia and Herzegovina,1994-08-23T00:00:00,7,16,411,9815.0,5015.0,3513.0,903.0,372.0,489.0,Empty,12000000
1628021,David Nwaba,Rockets,Guard-Forward,6-5,219,USA,1993-01-14T00:00:00,5,Undrafted,237,4583.0,1622.0,866.0,246.0,177.0,106.0,Empty,4650000
1629670,Jordan Nwora,Bucks,Forward,6-8,225,USA,1998-09-09T00:00:00,1,45,92,1459.0,658.0,281.0,66.0,42.0,25.0,APR 20 2022 09:30 PM,1517981
1626220,Royce O'Neale,Jazz,Forward,6-5,226,USA,1993-06-05T00:00:00,4,Undrafted,370,9516.0,2285.0,1763.0,771.0,292.0,136.0,APR 18 2022 08:30 PM,8678571
1629643,Chuma Okeke,Magic,Forward,6-6,229,USA,1998-08-18T00:00:00,1,16,115,2881.0,954.0,528.0,219.0,145.0,64.0,Empty,3277080
1629006,Josh Okogie,Timberwolves,Guard,6-4,213,Nigeria,1998-09-01T00:00:00,3,20,244,5017.0,1552.0,712.0,278.0,236.0,99.0,APR 19 2022 08:30 PM,4087904
1630168,Onyeka Okongwu,Hawks,Forward-Center,6-8,240,USA,2000-12-11T00:00:00,1,6,98,1593.0,620.0,446.0,71.0,54.0,93.0,APR 19 2022 07:30 PM,6104280
1630171,Isaac Okoro,Cavaliers,Forward-Guard,6-5,225,USA,2001-01-26T00:00:00,1,5,134,4154.0,1234.0,407.0,249.0,118.0,46.0,Empty,6720720
203506,Victor Oladipo,Heat,Guard,6-4,213,USA,1992-05-04T00:00:00,8,2,462,15141.0,8054.0,2117.0,1824.0,748.0,218.0,APR 19 2022 07:30 PM,2389641
203482,Kelly Olynyk,Pistons,Forward-Center,6-11,240,Canada,1991-04-19T00:00:00,8,13,610,13409.0,6146.0,3087.0,1248.0,465.0,284.0,Empty,12195122
1626224,Cedi Osman,Cavaliers,Forward,6-7,230,Turkey,1995-04-08T00:00:00,4,31,327,7999.0,3269.0,1055.0,699.0,241.0,49.0,Empty,8050000
1626162,Kelly Oubre Jr.,Hornets,Forward-Guard,6-6,203,USA,1995-12-09T00:00:00,6,15,479,12062.0,5769.0,2074.0,484.0,449.0,231.0,Empty,12000000
1629672,Eric Paschall,Jazz,Forward,6-6,255,USA,1996-11-04T00:00:00,2,41,158,3085.0,1552.0,509.0,214.0,53.0,25.0,APR 18 2022 08:30 PM,1782621
101108,Chris Paul,Suns,Guard,6-0,175,USA,1985-05-06T00:00:00,16,4,1155,39896.0,20936.0,5206.0,10977.0,2453.0,172.0,APR 19 2022 10:00 PM,30800000
1626166,Cameron Payne,Suns,Guard,6-1,183,USA,1994-08-08T00:00:00,6,14,279,4994.0,2132.0,624.0,905.0,188.0,63.0,APR 19 2022 10:00 PM,6500000
203901,Elfrid Payton,Suns,Guard,6-3,195,USA,1994-02-22T00:00:00,7,10,500,13384.0,5036.0,2007.0,2867.0,588.0,151.0,APR 19 2022 10:00 PM,2239544
1627780,Gary Payton II,Warriors,Guard,6-3,195,USA,1992-12-01T00:00:00,5,Undrafted,142,2056.0,740.0,396.0,151.0,148.0,38.0,APR 18 2022 10:00 PM,1939350
1630691,Jamorko Pickett,Pistons,Forward,6-9,206,USA,1997-12-24T00:00:00,0,Undrafted,13,176.0,50.0,32.0,7.0,0.0,7.0,Empty,0
1629033,Theo Pinson,Mavericks,Guard-Forward,6-5,212,USA,1995-11-05T00:00:00,3,Undrafted,87,759.0,251.0,116.0,95.0,28.0,6.0,APR 18 2022 08:30 PM,0
203486,Mason Plumlee,Hornets,Forward-Center,6-11,254,USA,1990-03-05T00:00:00,8,22,661,14768.0,5484.0,4378.0,1611.0,503.0,592.0,Empty,8137500
1627751,Jakob Poeltl,Spurs,Center,7-1,245,Austria,1995-10-15T00:00:00,5,9,416,8409.0,3035.0,2524.0,601.0,214.0,524.0,Empty,8750000
1630197,Aleksej Pokusevski,Thunder,Forward,7-0,190,Serbia,2001-12-26T00:00:00,1,17,106,2323.0,831.0,530.0,228.0,59.0,80.0,Empty,3113160
1630582,Yves Pons,Grizzlies,Forward,6-5,206,France,1999-05-07T00:00:00,0,Undrafted,12,71.0,13.0,12.0,1.0,1.0,4.0,APR 19 2022 08:30 PM,0
1629673,Jordan Poole,Warriors,Guard,6-4,194,USA,1999-06-19T00:00:00,2,28,184,4545.0,2520.0,470.0,537.0,121.0,42.0,APR 18 2022 10:00 PM,2161440
1629645,Kevin Porter Jr.,Rockets,Guard-Forward,6-4,203,USA,2000-05-04T00:00:00,2,30,137,3904.0,1878.0,528.0,649.0,134.0,44.0,Empty,2130240
1629008,Michael Porter Jr.,Nuggets,Forward,6-10,218,USA,1998-06-29T00:00:00,2,14,125,3081.0,1763.0,763.0,133.0,77.0,81.0,APR 18 2022 10:00 PM,5258735
203490,Otto Porter Jr.,Warriors,Forward,6-8,198,USA,1993-06-03T00:00:00,8,3,504,13080.0,5336.0,2551.0,767.0,570.0,216.0,APR 18 2022 10:00 PM,2389641
1626171,Bobby Portis,Bucks,Forward,6-10,250,USA,1995-02-10T00:00:00,6,22,453,9837.0,5021.0,2995.0,537.0,263.0,171.0,APR 20 2022 09:30 PM,4347600
204001,Kristaps Porzingis,Wizards,Forward-Center,7-3,240,Latvia,1995-08-02T00:00:00,5,4,337,10385.0,6371.0,2649.0,537.0,234.0,635.0,Empty,31650600
203939,Dwight Powell,Mavericks,Forward-Center,6-10,240,Canada,1991-07-20T00:00:00,7,45,511,9720.0,3926.0,2349.0,524.0,324.0,242.0,APR 18 2022 08:30 PM,11000000
1629619,Myles Powell,76ers,Guard,6-2,195,USA,1997-07-07T00:00:00,0,Undrafted,11,52.0,13.0,6.0,3.0,1.0,0.0,APR 18 2022 07:30 PM,0
1626181,Norman Powell,Clippers,Guard,6-3,215,USA,1993-05-25T00:00:00,6,46,421,9424.0,4776.0,1088.0,625.0,341.0,113.0,Empty,15517242
1630563,Joshua Primo,Spurs,Guard,6-4,189,Canada,2002-12-24T00:00:00,0,12,50,965.0,288.0,113.0,81.0,20.0,23.0,Empty,3946800
1627752,Taurean Prince,Timberwolves,Forward,6-6,218,USA,1994-03-22T00:00:00,5,12,370,8937.0,3899.0,1442.0,647.0,313.0,159.0,APR 19 2022 08:30 PM,15057692
1630202,Payton Pritchard,Celtics,Guard,6-1,195,USA,1998-01-28T00:00:00,1,26,137,2269.0,952.0,292.0,259.0,62.0,15.0,APR 20 2022 07:00 PM,2137440
1630243,Trevelin Queen,Rockets,Guard,6-6,190,USA,1997-02-25T00:00:00,0,Undrafted,10,74.0,43.0,16.0,4.0,5.0,1.0,Empty,0
1629674,Neemias Queta,Kings,Center,7-0,248,Portugal,1999-07-13T00:00:00,0,39,15,120.0,45.0,31.0,6.0,1.0,8.0,Empty,0
1630193,Immanuel Quickley,Knicks,Guard,6-3,190,USA,1999-06-17T00:00:00,1,25,142,3046.0,1613.0,384.0,402.0,84.0,15.0,Empty,2210640
203944,Julius Randle,Knicks,Forward-Center,6-8,250,USA,1994-11-29T00:00:00,7,7,518,16145.0,9191.0,4815.0,1842.0,365.0,235.0,Empty,19800000
1630559,Austin Reaves,Lakers,Guard,6-5,197,USA,1998-05-29T00:00:00,0,Undrafted,61,1418.0,444.0,193.0,110.0,29.0,20.0,Empty,925258
1629629,Cam Reddish,Knicks,Forward-Guard,6-8,217,USA,1999-09-01T00:00:00,2,10,133,3313.0,1399.0,425.0,170.0,142.0,52.0,Empty,4670160
1628432,Davon Reed,Nuggets,Guard,6-5,206,USA,1995-06-11T00:00:00,2,32,79,957.0,284.0,153.0,69.0,35.0,11.0,APR 18 2022 10:00 PM,0
1630194,Paul Reed,76ers,Forward,6-9,210,USA,1999-06-14T00:00:00,1,58,64,480.0,204.0,153.0,28.0,43.0,27.0,APR 18 2022 07:30 PM,1517981
1629675,Naz Reid,Timberwolves,Center-Forward,6-9,264,USA,1999-08-26T00:00:00,2,Undrafted,177,3057.0,1690.0,747.0,178.0,93.0,169.0,APR 19 2022 08:30 PM,1782621
1630208,Nick Richards,Hornets,Center,7-0,245,Jamaica,1997-11-29T00:00:00,1,42,68,430.0,165.0,97.0,15.0,9.0,21.0,Empty,1517981
1626196,Josh Richardson,Spurs,Guard,6-5,200,USA,1993-09-15T00:00:00,6,40,438,13033.0,5270.0,1377.0,1172.0,465.0,262.0,Empty,11615328
203085,Austin Rivers,Nuggets,Guard,6-4,200,USA,1992-08-01T00:00:00,9,10,655,15840.0,5741.0,1359.0,1438.0,466.0,108.0,APR 18 2022 10:00 PM,2401537
1629130,Duncan Robinson,Heat,Forward,6-7,215,USA,1994-04-22T00:00:00,3,Undrafted,239,6631.0,2838.0,704.0,363.0,125.0,53.0,APR 19 2022 07:30 PM,15560000
1629011,Mitchell Robinson,Knicks,Center-Forward,7-0,240,USA,1998-04-01T00:00:00,3,36,230,5473.0,1941.0,1720.0,128.0,197.0,458.0,Empty,1802057
1630526,Jeremiah Robinson-Earl,Thunder,Forward,6-8,242,USA,2000-11-03T00:00:00,0,32,49,1087.0,366.0,274.0,49.0,29.0,15.0,Empty,2000000
1629676,Isaiah Roby,Thunder,Forward,6-8,230,USA,1998-02-03T00:00:00,2,45,109,2385.0,987.0,560.0,178.0,88.0,71.0,Empty,1782621
200765,Rajon Rondo,Cavaliers,Guard,6-1,180,USA,1986-02-22T00:00:00,15,21,957,28570.0,9337.0,4349.0,7584.0,1518.0,125.0,Empty,2641691
201565,Derrick Rose,Knicks,Guard,6-2,200,USA,1988-10-04T00:00:00,12,1,672,21315.0,12230.0,2239.0,3646.0,521.0,235.0,Empty,13445120
203082,Terrence Ross,Magic,Guard-Forward,6-6,206,USA,1991-02-05T00:00:00,9,8,670,16627.0,7525.0,1907.0,841.0,552.0,221.0,Empty,12500000
1626179,Terry Rozier,Hornets,Guard,6-1,190,USA,1994-03-17T00:00:00,6,16,477,12440.0,6039.0,1866.0,1509.0,440.0,113.0,Empty,17905263
201937,Ricky Rubio,Pacers,Guard,6-2,190,Spain,1990-10-21T00:00:00,10,5,665,20128.0,7399.0,2760.0,5045.0,1200.0,88.0,Empty,17809524
1626156,D'Angelo Russell,Timberwolves,Guard,6-4,193,USA,1996-02-23T00:00:00,6,2,424,12476.0,7504.0,1503.0,2370.0,471.0,119.0,APR 19 2022 08:30 PM,30013500
1630346,Matt Ryan,Celtics,Forward,6-7,215,USA,1997-04-17T00:00:00,0,Undrafted,1,5.0,3.0,0.0,0.0,1.0,0.0,APR 20 2022 07:00 PM,0
1627734,Domantas Sabonis,Kings,Forward-Center,6-11,240,Lithuania,1996-05-03T00:00:00,5,11,415,11806.0,5961.0,3815.0,1493.0,309.0,184.0,Empty,18562500
203967,Dario Saric,Suns,Forward-Center,6-10,225,Croatia,1994-04-08T00:00:00,5,12,356,8964.0,4180.0,2086.0,699.0,220.0,79.0,APR 19 2022 10:00 PM,9000000
203107,Tomas Satoransky,Wizards,Guard,6-7,210,Czech Republic,1991-10-30T00:00:00,5,32,388,8616.0,2676.0,1117.0,1586.0,309.0,60.0,Empty,10468119
1630648,Jordan Schakel,Wizards,Guard,6-6,200,USA,1998-06-13T00:00:00,0,Undrafted,4,30.0,5.0,8.0,0.0,1.0,0.0,Empty,0
1629678,Admiral Schofield,Magic,Forward,6-5,241,United Kingdom,1997-03-30T00:00:00,1,42,71,837.0,245.0,136.0,40.0,12.0,9.0,Empty,0
203471,Dennis Schroder,Rockets,Guard,6-1,172,Germany,1993-09-15T00:00:00,8,17,621,16448.0,8806.0,1829.0,2907.0,515.0,82.0,Empty,5890000
1630206,Jay Scrubb,Clippers,Guard,6-5,220,USA,2000-09-01T00:00:00,1,55,22,206.0,84.0,30.0,9.0,8.0,3.0,Empty,0
1630578,Alperen Sengun,Rockets,Center,6-10,243,Turkey,2002-07-25T00:00:00,0,16,72,1489.0,692.0,393.0,185.0,59.0,68.0,Empty,3214680
1629012,Collin Sexton,Cavaliers,Guard,6-1,190,USA,1999-01-04T00:00:00,3,8,218,7179.0,4356.0,663.0,720.0,181.0,23.0,Empty,6349671
1629013,Landry Shamet,Suns,Guard,6-4,190,USA,1997-03-13T00:00:00,3,26,262,6094.0,2354.0,472.0,423.0,116.0,39.0,APR 19 2022 10:00 PM,3768342
1630549,Day'Ron Sharpe,Nets,Forward,6-9,265,USA,2001-11-06T00:00:00,0,29,32,391.0,198.0,160.0,17.0,10.0,15.0,APR 20 2022 07:00 PM,2009040
1627783,Pascal Siakam,Raptors,Forward,6-8,230,Cameroon,1994-04-02T00:00:00,5,27,400,11780.0,6290.0,2522.0,1241.0,371.0,271.0,APR 18 2022 07:30 PM,31320000
1627732,Ben Simmons,Nets,Guard-Forward,6-11,240,Australia,1996-07-20T00:00:00,4,1,275,9326.0,4382.0,2217.0,2127.0,464.0,199.0,APR 20 2022 07:00 PM,31590000
1630250,Marko Simonovic,Bulls,Center,6-11,220,Montenegro,1999-10-15T00:00:00,0,44,9,35.0,17.0,10.0,0.0,1.0,1.0,APR 20 2022 09:30 PM,925258
1629014,Anfernee Simons,Trail Blazers,Guard,6-3,181,USA,1999-06-08T00:00:00,3,24,211,4375.0,2144.0,456.0,420.0,75.0,24.0,Empty,3938818
1630579,Jericho Sims,Knicks,Center,6-9,250,USA,1998-10-20T00:00:00,0,58,41,555.0,90.0,169.0,21.0,11.0,22.0,Empty,0
1630606,Javonte Smart,Heat,Guard,6-4,205,USA,1999-06-03T00:00:00,0,Undrafted,17,200.0,51.0,24.0,16.0,6.0,3.0,APR 19 2022 07:30 PM,0
203935,Marcus Smart,Celtics,Guard,6-4,220,USA,1994-03-06T00:00:00,7,6,520,15484.0,5438.0,1866.0,2318.0,821.0,191.0,APR 20 2022 07:00 PM,14339285
202397,Ish Smith,Wizards,Guard,6-0,175,USA,1988-07-05T00:00:00,11,Undrafted,719,14354.0,5465.0,1790.0,2799.0,518.0,186.0,Empty,4500000
1630188,Jalen Smith,Pacers,Forward-Center,6-10,215,USA,2000-03-16T00:00:00,1,10,78,1080.0,523.0,344.0,28.0,16.0,45.0,Empty,4458000
1630270,Xavier Sneed,Jazz,Forward,6-5,215,USA,1997-12-21T00:00:00,0,Undrafted,9,39.0,5.0,6.0,1.0,0.0,0.0,APR 18 2022 08:30 PM,1563518
203503,Tony Snell,Pelicans,Guard,6-6,213,USA,1991-11-10T00:00:00,8,20,601,13092.0,3672.0,1371.0,669.0,266.0,138.0,APR 19 2022 10:00 PM,2389641
1630531,Jaden Springer,76ers,Guard,6-4,202,USA,2002-09-25T00:00:00,0,28,2,6.0,2.0,2.0,0.0,0.0,2.0,APR 18 2022 07:30 PM,2023800
203917,Nik Stauskas,Celtics,Guard,6-6,207,Canada,1993-10-07T00:00:00,5,8,343,6700.0,2290.0,691.0,515.0,139.0,80.0,APR 20 2022 07:00 PM,0
202362,Lance Stephenson,Pacers,Forward,6-5,210,USA,1990-09-05T00:00:00,9,40,554,12681.0,4738.0,2251.0,1621.0,357.0,76.0,Empty,924730
1630205,Lamar Stevens,Cavaliers,Forward,6-6,230,USA,1997-07-09T00:00:00,1,Undrafted,103,1514.0,548.0,260.0,69.0,48.0,31.0,Empty,1517981
1630191,Isaiah Stewart,Pistons,Forward-Center,6-8,250,USA,2001-05-22T00:00:00,1,16,139,3270.0,1126.0,1070.0,141.0,61.0,164.0,Empty,3277080
1629622,Max Strus,Heat,Guard-Forward,6-5,215,USA,1996-03-28T00:00:00,2,Undrafted,109,2100.0,962.0,244.0,116.0,39.0,18.0,APR 19 2022 07:30 PM,1669178
1630591,Jalen Suggs,Magic,Guard,6-5,205,USA,2001-06-03T00:00:00,0,5,48,1307.0,564.0,171.0,209.0,59.0,19.0,Empty,6593040
1630256,Jae'Sean Tate,Rockets,Forward,6-4,230,USA,1995-10-28T00:00:00,1,Undrafted,148,4099.0,1713.0,794.0,400.0,157.0,77.0,Empty,1517981
1628369,Jayson Tatum,Celtics,Forward-Guard,6-8,210,USA,1998-03-03T00:00:00,4,3,365,12183.0,7640.0,2420.0,1106.0,410.0,252.0,APR 20 2022 07:00 PM,28103550
1630678,Terry Taylor,Pacers,Forward,6-5,230,USA,1999-09-23T00:00:00,0,Undrafted,33,714.0,318.0,172.0,41.0,14.0,8.0,Empty,21270
202066,Garrett Temple,Pelicans,Guard-Forward,6-5,195,USA,1986-05-08T00:00:00,11,Undrafted,691,14785.0,4391.0,1620.0,1188.0,572.0,234.0,APR 19 2022 10:00 PM,4910000
1630179,Tyrell Terry,Grizzlies,Guard,6-2,160,USA,2000-09-28T00:00:00,1,31,13,59.0,13.0,6.0,6.0,5.0,0.0,APR 19 2022 08:30 PM,1517981
1628464,Daniel Theis,Celtics,Forward-Center,6-9,245,Germany,1992-04-04T00:00:00,4,Undrafted,306,5988.0,2317.0,1509.0,384.0,149.0,262.0,APR 20 2022 07:00 PM,8372093
1630271,Brodric Thomas,Celtics,Guard,6-5,185,USA,1997-01-28T00:00:00,1,Undrafted,44,459.0,146.0,63.0,41.0,16.0,11.0,APR 20 2022 07:00 PM,0
1630560,Cam Thomas,Nets,Guard,6-3,210,Japan,2001-10-13T00:00:00,0,27,67,1176.0,570.0,161.0,78.0,33.0,8.0,APR 20 2022 07:00 PM,2036280
202738,Isaiah Thomas,Hornets,Guard,5-9,185,USA,1989-02-07T00:00:00,10,60,550,15563.0,9715.0,1320.0,2638.0,472.0,61.0,Empty,276039
1629744,Matt Thomas,Bulls,Guard,6-3,190,USA,1994-08-04T00:00:00,2,Undrafted,126,1226.0,502.0,155.0,61.0,22.0,4.0,APR 20 2022 09:30 PM,1669178
202691,Klay Thompson,Warriors,Guard,6-6,220,USA,1990-02-08T00:00:00,8,11,647,21279.0,12647.0,2255.0,1504.0,577.0,349.0,APR 18 2022 10:00 PM,37980720
202684,Tristan Thompson,Bulls,Center-Forward,6-9,254,Canada,1991-03-13T00:00:00,10,4,730,19556.0,6592.0,6120.0,725.0,364.0,501.0,APR 20 2022 09:30 PM,10720900
1630550,JT Thor,Hornets,Forward,6-9,203,USA,2002-08-26T00:00:00,0,37,33,262.0,67.0,43.0,19.0,8.0,11.0,Empty,1250000
1629680,Matisse Thybulle,76ers,Guard-Forward,6-5,201,USA,1997-03-04T00:00:00,2,20,196,4271.0,939.0,382.0,217.0,313.0,189.0,APR 18 2022 07:30 PM,2840160
1629681,Killian Tillie,Grizzlies,Forward-Center,6-9,220,France,1998-03-05T00:00:00,1,Undrafted,54,642.0,175.0,84.0,30.0,28.0,23.0,APR 19 2022 08:30 PM,2000000
1630214,Xavier Tillman,Grizzlies,Forward,6-8,245,USA,1999-01-12T00:00:00,1,35,112,1785.0,642.0,417.0,137.0,93.0,48.0,APR 19 2022 08:30 PM,0
1630225,Isaiah Todd,Wizards,Forward,6-9,219,USA,2001-10-17T00:00:00,0,31,12,74.0,20.0,12.0,4.0,4.0,2.0,Empty,1500000
1630167,Obi Toppin,Knicks,Forward,6-9,220,USA,1998-03-04T00:00:00,1,8,134,1913.0,901.0,406.0,106.0,42.0,48.0,Empty,5105160
1629308,Juan Toscano-Anderson,Warriors,Forward,6-6,209,USA,1993-04-10T00:00:00,2,Undrafted,139,2374.0,668.0,463.0,303.0,102.0,48.0,APR 18 2022 10:00 PM,1701593
1626157,Karl-Anthony Towns,Timberwolves,Center-Forward,6-11,248,USA,1995-11-15T00:00:00,6,1,482,16471.0,11170.0,5465.0,1486.0,389.0,663.0,APR 19 2022 08:30 PM,31610000
1629018,Gary Trent Jr.,Raptors,Guard-Forward,6-5,209,USA,1999-01-18T00:00:00,3,37,204,5692.0,2752.0,454.0,287.0,227.0,47.0,APR 18 2022 07:30 PM,16000000
200782,P.J. Tucker,Heat,Forward,6-5,245,USA,1985-05-05T00:00:00,10,35,777,22530.0,5536.0,4390.0,1149.0,887.0,240.0,APR 19 2022 07:30 PM,7000000
1629730,Rayjon Tucker,Bucks,Guard,6-3,209,USA,1997-09-24T00:00:00,2,Undrafted,39,300.0,117.0,39.0,21.0,7.0,1.0,APR 20 2022 09:30 PM,28779
1626167,Myles Turner,Pacers,Center-Forward,6-11,250,USA,1996-03-24T00:00:00,6,11,431,12379.0,5485.0,2879.0,513.0,311.0,984.0,Empty,18000000
202685,Jonas Valanciunas,Pelicans,Center,6-11,265,Lithuania,1992-05-06T00:00:00,9,5,695,18141.0,9319.0,6571.0,824.0,290.0,702.0,APR 19 2022 10:00 PM,14000000
1627832,Fred VanVleet,Raptors,Guard,6-1,197,USA,1994-02-25T00:00:00,5,Undrafted,348,9863.0,4755.0,1105.0,1704.0,439.0,131.0,APR 18 2022 07:30 PM,19675926
1629020,Jarred Vanderbilt,Timberwolves,Forward,6-9,214,USA,1999-04-03T00:00:00,3,41,166,3136.0,892.0,1024.0,175.0,172.0,94.0,APR 19 2022 08:30 PM,4259259
1630170,Devin Vassell,Spurs,Guard-Forward,6-5,200,USA,2000-08-23T00:00:00,1,11,133,2993.0,1213.0,480.0,192.0,119.0,59.0,Empty,4235160
1629216,Gabe Vincent,Heat,Guard,6-3,200,USA,1996-06-14T00:00:00,2,Undrafted,127,2327.0,855.0,187.0,283.0,88.0,14.0,APR 19 2022 07:30 PM,1669178
202696,Nikola Vucevic,Bulls,Center,6-10,260,Montenegro,1990-10-24T00:00:00,10,16,741,22869.0,12553.0,7731.0,2037.0,650.0,675.0,APR 20 2022 09:30 PM,24000000
1629731,Dean Wade,Cavaliers,Forward-Center,6-9,228,USA,1996-11-20T00:00:00,2,Undrafted,126,2264.0,665.0,384.0,128.0,66.0,32.0,Empty,1782621
1630532,Franz Wagner,Magic,Forward,6-10,220,Germany,2001-08-27T00:00:00,0,8,79,2429.0,1197.0,356.0,231.0,68.0,34.0,Empty,5007840
1629021,Moritz Wagner,Magic,Forward-Center,6-11,245,Germany,1997-04-26T00:00:00,3,25,196,2963.0,1474.0,682.0,217.0,85.0,63.0,Empty,1729217
1630688,Ish Wainright,Suns,Forward,6-5,250,USA,1994-09-12T00:00:00,0,Undrafted,45,359.0,108.0,54.0,15.0,20.0,6.0,APR 19 2022 10:00 PM,8558
202689,Kemba Walker,Knicks,Guard,6-0,184,USA,1990-05-08T00:00:00,10,9,741,24666.0,14414.0,2815.0,3919.0,921.0,280.0,Empty,34967442
1629022,Lonnie Walker IV,Spurs,Guard-Forward,6-4,204,USA,1998-12-14T00:00:00,3,18,208,4240.0,1952.0,492.0,330.0,112.0,51.0,Empty,4447896
202322,John Wall,Rockets,Guard,6-3,210,USA,1990-09-06T00:00:00,10,1,613,21832.0,11702.0,2612.0,5557.0,1018.0,427.0,Empty,44310840
203933,T.J. Warren,Pacers,Forward,6-8,220,USA,1993-09-05T00:00:00,7,14,332,9554.0,5142.0,1372.0,397.0,327.0,168.0,Empty,12690000
1629023,P.J. Washington,Hornets,Forward,6-7,230,USA,1998-08-23T00:00:00,2,12,187,5481.0,2202.0,1071.0,431.0,177.0,184.0,Empty,4215120
1630613,Duane Washington Jr.,Pacers,Guard,6-3,197,Germany,2000-03-24T00:00:00,0,Undrafted,48,968.0,473.0,83.0,85.0,26.0,3.0,Empty,21270
1629139,Yuta Watanabe,Raptors,Guard-Forward,6-9,215,Japan,1994-10-13T00:00:00,3,Undrafted,121,1447.0,456.0,302.0,74.0,46.0,37.0,APR 18 2022 07:30 PM,1762769
1630322,Lindy Waters III,Thunder,Forward,6-6,215,USA,1997-07-28T00:00:00,0,Undrafted,25,465.0,199.0,73.0,24.0,19.0,8.0,Empty,0
1630570,Trendon Watford,Trail Blazers,Forward,6-8,237,USA,2000-11-09T00:00:00,0,Undrafted,48,869.0,364.0,199.0,81.0,25.0,28.0,Empty,260561
1629683,Quinndary Weatherspoon,Warriors,Guard,6-3,205,USA,1996-09-10T00:00:00,2,49,42,272.0,88.0,32.0,24.0,12.0,4.0,APR 18 2022 10:00 PM,0
201566,Russell Westbrook,Lakers,Guard,6-3,200,USA,1988-11-12T00:00:00,13,4,1021,35424.0,23298.0,7541.0,8611.0,1699.0,313.0,Empty,44211146
1629632,Coby White,Bulls,Guard,6-4,195,USA,2000-02-16T00:00:00,2,7,195,5505.0,2672.0,696.0,679.0,116.0,32.0,APR 20 2022 09:30 PM,5837760
1628401,Derrick White,Celtics,Guard,6-4,190,USA,1994-07-02T00:00:00,4,29,263,6806.0,3027.0,864.0,1006.0,205.0,203.0,APR 20 2022 07:00 PM,15178571
202355,Hassan Whiteside,Jazz,Center,7-0,265,USA,1989-06-13T00:00:00,9,33,511,12646.0,6450.0,5523.0,326.0,271.0,1143.0,APR 18 2022 08:30 PM,2401537
1630580,Joe Wieskamp,Spurs,Guard-Forward,6-6,205,USA,1999-08-23T00:00:00,0,41,29,205.0,61.0,14.0,9.0,4.0,3.0,Empty,202068
1630598,Aaron Wiggins,Thunder,Guard,6-4,190,USA,1999-01-02T00:00:00,0,55,50,1209.0,416.0,178.0,68.0,30.0,10.0,Empty,1000000
203952,Andrew Wiggins,Warriors,Forward,6-7,197,Canada,1995-02-23T00:00:00,7,1,598,20936.0,11519.0,2649.0,1393.0,595.0,399.0,APR 18 2022 10:00 PM,31579390
1629623,Lindell Wigginton,Bucks,Guard,6-1,189,Canada,1998-03-28T00:00:00,0,,19,199.0,80.0,25.0,23.0,5.0,1.0,APR 20 2022 09:30 PM,0
1630314,Brandon Williams,Trail Blazers,Guard,6-2,190,USA,1999-11-22T00:00:00,0,Undrafted,24,640.0,309.0,74.0,94.0,24.0,10.0,Empty,0
1629684,Grant Williams,Celtics,Forward,6-6,236,USA,1998-11-30T00:00:00,2,22,209,4056.0,1133.0,630.0,210.0,100.0,117.0,APR 20 2022 07:00 PM,2617800
1629026,Kenrich Williams,Thunder,Guard-Forward,6-6,210,USA,1994-12-02T00:00:00,3,Undrafted,200,4410.0,1304.0,898.0,400.0,171.0,67.0,Empty,2000000
101150,Lou Williams,Hawks,Guard,6-2,175,USA,1986-10-27T00:00:00,16,45,1123,27102.0,15593.0,2484.0,3789.0,952.0,192.0,APR 19 2022 07:30 PM,5000000
1630172,Patrick Williams,Bulls,Forward,6-7,215,USA,2001-08-26T00:00:00,1,4,88,2406.0,808.0,396.0,114.0,73.0,55.0,APR 20 2022 09:30 PM,7422000
1630533,Ziaire Williams,Grizzlies,Forward,6-9,185,USA,2001-09-12T00:00:00,0,10,62,1346.0,501.0,129.0,65.0,35.0,12.0,APR 19 2022 08:30 PM,4373160
1629057,Robert Williams III,Celtics,Center-Forward,6-9,237,USA,1997-10-17T00:00:00,3,27,174,3460.0,1255.0,1155.0,249.0,130.0,300.0,APR 20 2022 07:00 PM,0
1629627,Zion Williamson,Pelicans,Forward,6-6,284,USA,2000-07-06T00:00:00,2,1,85,2694.0,2187.0,591.0,276.0,73.0,48.0,APR 19 2022 10:00 PM,10733400
1629685,Dylan Windler,Cavaliers,Guard-Forward,6-6,196,USA,1996-09-22T00:00:00,1,26,81,972.0,271.0,196.0,67.0,33.0,15.0,Empty,2239200
1626159,Justise Winslow,Trail Blazers,Forward-Guard,6-6,222,USA,1996-03-26T00:00:00,6,10,315,8131.0,2633.0,1615.0,792.0,277.0,126.0,Empty,3902439
1630216,Cassius Winston,Wizards,Guard,6-1,185,USA,1998-02-28T00:00:00,1,53,29,137.0,55.0,10.0,19.0,2.0,1.0,Empty,0
1630164,James Wiseman,Warriors,Center,7-0,240,USA,2001-03-31T00:00:00,1,2,39,836.0,448.0,226.0,26.0,11.0,36.0,APR 18 2022 10:00 PM,9166800
1626174,Christian Wood,Rockets,Forward,6-9,214,USA,1995-09-27T00:00:00,5,Undrafted,222,5246.0,3156.0,1621.0,299.0,137.0,190.0,Empty,13666667
1630218,Robert Woodard II,Spurs,Forward,6-6,235,USA,1999-09-22T00:00:00,1,40,25,88.0,27.0,27.0,5.0,1.0,4.0,Empty,1517981
1626153,Delon Wright,Hawks,Guard,6-5,185,USA,1992-04-26T00:00:00,6,20,411,8577.0,2952.0,1318.0,1246.0,474.0,148.0,APR 19 2022 07:30 PM,8526316
1630589,Moses Wright,Mavericks,Forward,6-8,226,USA,1998-12-23T00:00:00,0,Undrafted,4,15.0,5.0,3.0,2.0,0.0,1.0,APR 18 2022 08:30 PM,0
1630593,McKinley Wright IV,Timberwolves,Guard,5-11,192,USA,1998-10-25T00:00:00,0,Undrafted,5,19.0,5.0,0.0,3.0,0.0,0.0,APR 19 2022 08:30 PM,0
1628221,Gabe York,Pacers,Guard,6-3,190,USA,1993-08-02T00:00:00,0,Undrafted,2,21.0,8.0,2.0,4.0,2.0,1.0,Empty,0
201152,Thaddeus Young,Raptors,Forward,6-8,235,USA,1988-06-21T00:00:00,14,12,1085,31778.0,13848.0,6345.0,2003.0,1535.0,448.0,APR 18 2022 07:30 PM,14190000
1629027,Trae Young,Hawks,Guard,6-1,164,USA,1998-09-19T00:00:00,3,5,280,9400.0,7076.0,1085.0,2544.0,262.0,42.0,APR 19 2022 07:30 PM,8326471
1630209,Omer Yurtseven,Heat,Center,6-11,275,Turkey,1998-06-19T00:00:00,0,Undrafted,56,706.0,299.0,294.0,49.0,17.0,20.0,APR 19 2022 07:30 PM,1489065
1627826,Ivica Zubac,Clippers,Center,7-0,240,Croatia,1997-03-18T00:00:00,5,32,360,6844.0,3001.0,2350.0,410.0,112.0,304.0,Empty,7518518
